of_list;of_pen_list;rr_round_list;of_val_list;RMSE_val_list;MAPE_val_list;Var7
51.2934990889093;51.2935027984238;2;52.2959174062851;10.2270149512245;0.380438835845415;46371
51.2859518954504;51.2859556048464;5;52.2923277134694;10.2266639441677;0.380417186843635;46371
51.2810244822526;51.2810281914955;7;52.2902375665471;10.2264595600381;0.380407618684613;46371
51.2745729996459;51.2745767088004;8;52.2875530782018;10.2261970524924;0.380409112147479;46371
51.270809541018;51.2708132500857;8;52.2857615463239;10.2260218605598;0.380399949065889;46371
51.267083551258;51.2670872601957;10;52.2844388950558;10.2258925180207;0.380392017084727;46371
51.2616414055316;51.2616451143892;10;52.2819283397879;10.2256470054259;0.380389734807626;46371
51.2575235109881;51.2575272197392;10;52.2799487940943;10.2254534172421;0.380370044669179;46371
51.2529113120486;51.252915020703;11;52.2783056713571;10.2252927265049;0.380368388316465;46371
51.2490690821793;51.2490727906522;13;52.2765769723599;10.2251236640307;0.38035762031081;46371
51.2409139659835;51.2409176743036;14;52.2733458231877;10.2248076581604;0.380338712182264;46371
51.2355008527027;51.2355045609578;14;52.2689273801662;10.2243755193328;0.380326764699307;46371
51.2327552494314;51.2327589576142;14;52.2678216380553;10.2242673711181;0.380313767706514;46371
51.2299709476841;51.229974655788;14;52.2664107827881;10.2241293793445;0.380308196105035;46371
51.2267873846;51.2267910926041;15;52.2651411752435;10.2240052010202;0.380301741926162;46371
51.2227483625739;51.2227520705101;15;52.2631046303373;10.2238060066041;0.380298292778745;46371
51.2200132324146;51.2200169402157;17;52.262103686298;10.2237081028654;0.380303946346909;46371
51.2142196731412;51.2142233808584;17;52.2597145706783;10.2234744163301;0.38030249132769;46371
51.2106719738581;51.2106756814785;18;52.2583219568031;10.2233381981428;0.380297193104773;46371
51.2074730381045;51.2074767456378;18;52.2568987179966;10.22319898251;0.38030172075895;46371
51.2037954607412;51.2037991681861;18;52.2553328905675;10.2230458172276;0.380301440053406;46371
51.2002551719491;51.200258879264;21;52.2535383929468;10.2228702811829;0.380308702083792;46371
51.195209928941;51.1952136361704;22;52.2514112596354;10.2226622031284;0.380299610227656;46371
51.1912729836696;51.1912766908085;23;52.249700340442;10.2224948364322;0.380300518348076;46371
51.1872171872666;51.1872208942972;24;52.2479625209242;10.2223248354691;0.380294225134728;46371
51.18309072861;51.1830944355505;25;52.2467412695161;10.2222053657238;0.380300108789698;46371
51.1799932089401;51.1799969157939;26;52.2452835747827;10.2220627639222;0.380304045542372;46371
51.1765084885364;51.1765121953075;27;52.2444834110008;10.2219844855097;0.380303347929509;46371
51.1731704103324;51.1731741170213;27;52.2430011771293;10.2218394799693;0.380300223212164;46371
51.1698222590383;51.1698259656485;27;52.2407348178643;10.2216177602045;0.380301849824834;46371
51.1666624092685;51.1666661158176;27;52.2394459724281;10.2214916692651;0.380307629457139;46371
51.1642072497138;51.1642109561669;27;52.238532631099;10.2214023138803;0.38030110836032;46371
51.1604997656589;51.1605034720333;27;52.2368506921748;10.221237761854;0.380300140067749;46371
51.1574801346662;51.1574838409505;28;52.2351075305993;10.221067217331;0.380301555117447;46371
51.1538670334814;51.1538707396905;28;52.2334032014283;10.2209004692765;0.380302503309516;46371
51.1511066909214;51.1511103970604;28;52.232390709487;10.220801407863;0.380306840226802;46371
51.148289752428;51.1482934584753;30;52.2303048539129;10.2205973263712;0.380302183513383;46371
51.1449029725978;51.1449066785463;31;52.2284543518013;10.2204162686068;0.380301910730396;46371
51.1412445095969;51.14124821546;33;52.2267755323626;10.2202520059304;0.38030422354214;46371
51.1384147414193;51.1384184472109;33;52.2253649364275;10.2201139853162;0.380310911844823;46371
51.1358828560954;51.1358865618178;33;52.2239364457727;10.2199742118826;0.380307160608126;46371
51.1334846700995;51.1334883757294;33;52.2226826348389;10.2198515287492;0.380315554907985;46371
51.1299216273205;51.1299253328658;34;52.2213381440563;10.2197199711202;0.380310446685506;46371
51.1269830699681;51.1269867754319;34;52.2206256180011;10.2196502501799;0.380300501727937;46371
51.124026127455;51.1240298328353;35;52.2190990821764;10.2195008764789;0.380304183320745;46371
51.1204415649942;51.1204452702949;35;52.2175596245123;10.2193502361464;0.380279727593795;46371
51.1176602252393;51.1176639304418;37;52.2164881360745;10.2192453866295;0.380278686580429;46371
51.1141353998978;51.1141391049959;38;52.2152107751938;10.2191203902482;0.380266176546679;46371
51.1109636042219;51.1109673092429;38;52.2169592451041;10.2192914867034;0.380273566896606;46371
51.107683625628;51.1076873305709;38;52.215450064807;10.2191438060933;0.380271931529043;46371
51.1051274818474;51.1051311867039;39;52.214290551118;10.2190303406065;0.380270246082798;46371
51.1015311327195;51.1015348375004;40;52.2125596950997;10.218860963444;0.380263891805038;46371
51.0990795626133;51.0990832673005;41;52.2115902628269;10.2187660960438;0.380262332872132;46371
51.0958879630947;51.0958916676982;41;52.2100861367459;10.2186189024492;0.38026974349164;46371
51.092610944824;51.0926146493329;42;52.2089838057561;10.2185110271268;0.380270995557419;46371
51.0891807260369;51.0891844304489;43;52.2073002974792;10.2183462749585;0.380279973871628;46371
51.0858527322283;51.085856436535;43;52.2058471773137;10.2182040669888;0.380286069588008;46371
51.0829839007167;51.0829876049295;45;52.2035326723044;10.2179775564741;0.380270175544095;46371
51.0792937135316;51.0792974176706;45;52.2013000768515;10.2177590573326;0.380250667957288;46371
51.0762306373923;51.076234341432;45;52.2003005080247;10.2176612302449;0.380235924065156;46371
51.0729077958359;51.0729114997922;45;52.1986787815576;10.2175025110403;0.380233910474566;46371
51.0702711946905;51.0702748985703;45;52.1974416772154;10.2173814333434;0.380235357052248;46371
51.0678647865476;51.0678684903459;46;52.1963707459267;10.2172766181529;0.380230749002345;46371
51.0652947117346;51.0652984154221;48;52.1953948090521;10.2171810994082;0.380231933269292;46371
51.0610542579012;51.0610579615264;48;52.1951259071194;10.2171547807713;0.3802391652811;46371
51.0589993038736;51.0590030074045;49;52.1942773493588;10.2170717281772;0.380235679010606;46371
51.0555954188835;51.0555991223047;51;52.1925098126937;10.2168987283514;0.380248884298557;46371
51.0523839862387;51.0523876895821;51;52.191112320504;10.2167619450102;0.380248809209285;46371
51.0498466076289;51.0498503108973;51;52.1902008898569;10.2166727352751;0.380255432146076;46371
51.0473142869118;51.0473179901228;52;52.1893131558646;10.2165858441913;0.380265243598872;46371
51.0452614718443;51.0452651749643;54;52.1888155592287;10.2165371392883;0.380266692977253;46371
51.0423122839159;51.0423159869883;54;52.1881560668898;10.2164725876292;0.380263697302884;46371
51.0405989551423;51.0406026581452;54;52.1873726467305;10.2163959052819;0.380263755582996;46371
51.0384082850011;51.0384119879326;54;52.1862155502518;10.2162826458797;0.380261646993111;46371
51.0359625105638;51.035966213418;55;52.1842634486578;10.2160915666078;0.380262532015634;46371
51.0328728018067;51.0328765045489;57;52.1841962713962;10.2160849909734;0.380261855297656;46371
51.0292532074017;51.0292569100833;57;52.1819465322424;10.2158647732086;0.380279877446748;46371
51.0271407624254;51.027144465021;59;52.1809900512637;10.2157711457593;0.380279232405031;46371
51.024700516907;51.0247042193981;62;52.1799176290455;10.2156661681014;0.380285868441125;46371
51.020937917762;51.0209416201807;63;52.1770997913085;10.2153903294303;0.380289420001995;46371
51.0184462274618;51.0184499298129;64;52.1763411448326;10.2153160641101;0.380288135584037;46371
51.0160967785342;51.0161004808288;64;52.1753893699501;10.215222892326;0.380285061955593;46371
51.0142607435913;51.0142644457605;66;52.1741840654399;10.2151049006302;0.380290814218074;46371
51.0108854818044;51.0108891838963;67;52.173378164791;10.2150260072886;0.380299476012501;46371
51.0086878309557;51.0086915330068;66;52.1727504679932;10.2149645587239;0.380300787392239;46371
51.0062879054228;51.0062916073887;67;52.1697262927995;10.2146685010136;0.380289118879301;46371
51.0036580140274;51.0036617159075;68;52.1688992878011;10.2145875382025;0.380280852378575;46371
51.0005804925069;51.0005841942862;69;52.1680472567014;10.2145041246946;0.38027469493048;46371
50.9980877775265;50.9980914792511;69;52.1671256085838;10.2144138949412;0.380284646240006;46371
50.9961453936576;50.9961490953252;69;52.1662852423283;10.2143316220229;0.380280074989452;46371
50.9941798820987;50.9941835836837;70;52.1656930412031;10.2142736443864;0.380282873788294;46371
50.9915584119805;50.9915621134894;70;52.165010367927;10.2142068089428;0.380278325131659;46371
50.9896681262436;50.9896718276601;72;52.1642457059895;10.2141319460823;0.380279402532254;46371
50.9872155778973;50.9872192792505;72;52.1631668231427;10.2140263190519;0.380288814381095;46371
50.9852811426869;50.9852848439628;73;52.1617981996263;10.2138923236567;0.380289045155333;46371
50.982946556482;50.9829502576958;74;52.1609406520619;10.2138083643724;0.380283627202766;46371
50.9808917987147;50.9808954998614;74;52.160067928883;10.2137229185917;0.380289938684091;46371
50.979374014022;50.9793777151005;74;52.1594135172802;10.2136588465917;0.380296558515422;46371
50.9773766862985;50.97738038729;75;52.1585084936524;10.2135702370574;0.380293025003897;46371
50.9746704300688;50.9746741309882;76;52.1575649089703;10.2134778512483;0.380295503395624;46371
50.9726322976344;50.9727493288217;77;52.1563165753108;10.213355626366;0.380295074499733;46371
50.9701219857724;50.9702390138192;78;52.1546068074578;10.2131882198908;0.380290633666273;46371
50.967899511125;50.9680165353473;80;52.1543600522406;10.2131640594128;0.380296482518647;46371
50.9651607324422;50.9652777545105;81;52.1534464499526;10.2130746056173;0.38030554710719;46371
50.9630872762258;50.9632042956588;82;52.1528080430972;10.2130120966439;0.380319571622372;46371
50.9606702514531;50.9607872682895;84;52.1519317532827;10.2129262949737;0.380316411259164;46371
50.9590021290477;50.9591191441065;84;52.1514862611921;10.2128826744648;0.380322879560415;46371
50.9574925226662;50.9576095355677;85;52.1510539530281;10.2128403446865;0.380326562720149;46371
50.9558196827688;50.9559366940682;85;52.1502309591379;10.2127597601371;0.380326744541783;46371
50.9544934076986;50.9546104162887;88;52.1495538933939;10.2126934638609;0.380329056051542;46371
50.9521877417927;50.952304748108;88;52.1491867061686;10.2126575097933;0.380323286335206;46371
50.9501491108381;50.9502661152866;88;52.1487447751318;10.2126142368281;0.38033091683545;46371
50.9483870506232;50.9485040531911;88;52.1485257698258;10.2125927922174;0.380336945532817;46371
50.9465963003088;50.9467133006138;89;52.1483393093465;10.2125745343029;0.380337150547769;46371
50.9446991735673;50.9448161708808;91;52.1473897246307;10.2124815519668;0.3803341579838;46371
50.9423356379168;50.9424526334385;91;52.1463841266529;10.2123830839479;0.380331537029736;46371
50.9407937340866;50.9409107278642;91;52.1456087869644;10.2123071621416;0.380336216691524;46371
50.9390021254595;50.9391191167646;91;52.1442997942207;10.2121789833728;0.380333071990708;46371
50.9373495079265;50.937466497321;92;52.1438338917029;10.2121333610273;0.380335773782321;46371
50.935731669417;50.9358486570324;92;52.1434049551975;10.2120913583063;0.38034442217857;46371
50.9341198979019;50.9342368833875;94;52.1428523248991;10.2120372428717;0.380351778931935;46371
50.932487649314;50.9326046318934;94;52.1422778840728;10.2119809913721;0.380350641833957;46371
50.9298678314237;50.9299848122702;94;52.1417973954781;10.2119339398057;0.38034738541903;46371
50.9283565792044;50.9284735583957;94;52.1412458479832;10.2118799295706;0.380344420531222;46371
50.9271428393619;50.9272598155471;96;52.1407717266339;10.2118335010549;0.380347921390861;46371
50.9250532383638;50.925170212227;97;52.1398779074016;10.2117459728884;0.380351937531751;46371
50.9231615203399;50.923278492138;97;52.138715500942;10.2116321419195;0.380349227168899;46371
50.9214287734462;50.9215457424474;97;52.1382317116731;10.2115847655174;0.380351332045045;46371
50.9197661301127;50.9198830965448;99;52.137634119527;10.2115262443503;0.380359345477084;46371
50.9180070311424;50.9181239948698;100;52.1369822380768;10.2114624063429;0.380362925334123;46371
50.91580097556;50.9159179367281;101;52.1356848646886;10.2113353548582;0.380357868461723;46371
50.9138494270839;50.9139663865928;102;52.1349261217184;10.2112610505969;0.380366933089259;46371
50.9125559054457;50.9126728622321;103;52.1342947057415;10.2111992151501;0.380369847311511;46371
50.9099146241157;50.9100315795654;103;52.1342445404226;10.2111943023745;0.380373809048191;46371
50.908768620825;50.908885574241;104;52.1337542618749;10.2111462884316;0.380377875407174;46371
50.90721318074;50.9073301312104;106;52.1333179230252;10.2111035567195;0.380377045862278;46371
50.904480542883;50.9045974911231;107;52.1324181760415;10.2110154417709;0.380377321269412;46371
50.9031204755168;50.9032374215368;108;52.1320607329189;10.2109804360716;0.380387132791241;46371
50.9011383745174;50.9012553183041;109;52.1312272151781;10.2108988061951;0.380386776651953;46371
50.8990488964239;50.8991658369743;111;52.1306665801387;10.2108439004951;0.38038174954103;46371
50.8968220240633;50.8969389625507;112;52.1299268357425;10.210771453298;0.380392180876713;46371
50.8954767453202;50.8955936820034;114;52.129332202518;10.2107132172555;0.380392432017878;46371
50.8943348103584;50.8944517436426;114;52.1290414740992;10.2106847443351;0.3803994271441;46371
50.8923379633211;50.8924548943231;114;52.1282397452941;10.2106062254201;0.380407226747204;46371
50.8909509916247;50.8910679209185;115;52.1274616936408;10.210530024797;0.380414081433018;46371
50.8897236211135;50.8898405484196;116;52.1261755237157;10.21040405897;0.380410102858191;46371
50.8882898809098;50.8884068059385;116;52.1253358532586;10.2103218218878;0.380409795171889;46371
50.886813841286;50.8869307642196;116;52.1248671946622;10.210275921312;0.380415174213355;46371
50.8852921024538;50.8854090238686;116;52.1243954113684;10.210229714494;0.380423625195283;46371
50.8841585486567;50.8842754685777;116;52.1239725071288;10.2101882947504;0.380429795032236;46371
50.8830825373746;50.8831994558062;116;52.1234876779724;10.2101408098001;0.380431669336871;46371
50.8819915928789;50.8821085096258;116;52.1232743231384;10.2101199134132;0.380431790218386;46371
50.8806450811126;50.8807619964244;116;52.122497923813;10.2100438709942;0.380432618578266;46371
50.8795132063443;50.8796301189938;117;52.1222143844036;10.2100161003207;0.380434105385025;46371
50.8771329231879;50.877249833937;119;52.1229909721018;10.2100921613962;0.380435224455347;46371
50.8759978047643;50.8761147128579;120;52.122987895295;10.2100918600466;0.380438808374171;46371
50.8742160667667;50.8743329726479;120;52.1218130932738;10.2099767965724;0.380444621618215;46371
50.8728058487156;50.8729227521881;122;52.1192028618492;10.2097211383905;0.380424890014083;46371
50.871346273821;50.871463174989;123;52.1184107718834;10.2096435561564;0.380437257774304;46371
50.8696555951544;50.8697724938589;124;52.1193016026213;10.2097308096366;0.380444389802489;46371
50.8684084610018;50.8685253578445;124;52.1188617414615;10.2096877270034;0.38045231216579;46371
50.8665432170853;50.8666601120692;125;52.1183950628017;10.209642017505;0.380443369050062;46371
50.865225945767;50.8653428387225;126;52.1177655503698;10.2095803586994;0.380449384343784;46371
50.8635253207101;50.8636422119439;126;52.1174685098116;10.2095512643614;0.380444653819012;46371
50.8623258322249;50.8624427215039;126;52.1172446955645;10.2095293422924;0.380449793968666;46371
50.8610658517822;50.8611827392836;126;52.1165513530269;10.209461430754;0.380451861994078;46371
50.8596682459358;50.8597851318772;126;52.1161005306165;10.2094172733429;0.380456572146405;46371
50.8583934779122;50.8585103625605;126;52.1154060339893;10.2093492480167;0.380458681608999;46371
50.8573104441038;50.8574273271835;127;52.1151745779454;10.2093265770026;0.380462599401234;46371
50.8562481423401;50.8563650236447;127;52.1149390584629;10.2093035079248;0.380458725789165;46371
50.855044329329;50.855161209271;127;52.1145652866404;10.209266896956;0.380454291357623;46371
50.8540926310951;50.8542095091244;128;52.11416429611;10.2092276197673;0.380459471450239;46371
50.8529002694556;50.8530171454759;128;52.1134190010534;10.2091546174062;0.38046329025153;46371
50.8515436000611;50.8516604747233;128;52.1125487101289;10.20906937092;0.380464421589012;46371
50.8505627483577;50.8506796211808;129;52.1121982975609;10.209035047208;0.380471082824357;46371
50.8493644041085;50.8494812753673;130;52.1116359201448;10.2089799608134;0.380473030827982;46371
50.848378241807;50.8484951116177;131;52.111484045431;10.2089650842219;0.380473725219645;46371
50.8472437695019;50.8473606381419;131;52.1111526776282;10.2089326256596;0.380466973761218;46371
50.8464065195476;50.8465233858264;133;52.1108157896223;10.2088996262695;0.380468547236614;46371
50.8450464966377;50.8451633615102;133;52.1101663906016;10.2088360150021;0.38047530759271;46371
50.8441381499929;50.8442550127813;134;52.1096042879083;10.2087809544439;0.380484375760444;46371
50.8424680755614;50.8425849359462;134;52.1092123808693;10.2087425651614;0.380487770424992;46371
50.8411476478149;50.8412645066385;134;52.1084041330011;10.2086633927269;0.380497272093423;46371
50.8399670317743;50.8400838885359;135;52.1082674657814;10.2086500053417;0.38050257534294;46371
50.8385316301551;50.8386484846215;136;52.1076520580212;10.2085897221919;0.380503195152788;46371
50.8371732485796;50.8372901014799;136;52.1073381674844;10.2085589744571;0.380503744786484;46371
50.8364044254839;50.8365212770965;136;52.1069683549525;10.2085227486598;0.380507513910599;46371
50.8357212169382;50.8358380666813;136;52.1067360720473;10.2084999948129;0.380513316315337;46371
50.8345565222558;50.8346733707217;137;52.1063547143175;10.2084626378625;0.380515404675623;46371
50.8337508856133;50.8338677322544;138;52.1058495154634;10.2084131495021;0.380516332276156;46371
50.8326445537224;50.8327613980068;139;52.1051536120613;10.2083449796783;0.380516065900994;46371
50.8312010174752;50.8313178595835;140;52.1046639535266;10.20829701307;0.380519517217079;46371
50.8300156190234;50.8301324590173;140;52.1040398947274;10.2082358803789;0.3805255830988;46371
50.8287603069871;50.8288771453417;141;52.1036941722711;10.2082020133098;0.380539498934773;46371
50.8277493769827;50.8278662130692;141;52.1031792613239;10.2081515722803;0.380541083663941;46371
50.8264254309377;50.8265422652321;141;52.1033591133654;10.2081691907379;0.380549191433936;46371
50.824886146589;50.8250029785228;143;52.1034675506261;10.2081798133287;0.380542883537503;46371
50.8236137388154;50.8237305691283;143;52.1024847307843;10.2080835351974;0.380553029834263;46371
50.8223629848231;50.822479813431;144;52.1023573398584;10.2080710557733;0.380556215357905;46371
50.821330220406;50.8214470478866;145;52.1020049561885;10.2080365356114;0.380554136008314;46371
50.8207105619295;50.8244049291671;145;52.1018769501409;10.2080239958712;0.380558518768529;46371
50.8197169879723;50.823411303199;145;52.1018436433402;10.2080207330648;0.38056062422159;46371
50.8189044863708;50.8225987501411;147;52.101467544414;10.2079838895263;0.380565569569166;46371
50.8179204464367;50.8216146600088;147;52.1009891981239;10.2079370294026;0.380563929259356;46371
50.8168604515134;50.8205546242597;147;52.1006188059813;10.2079007446175;0.380572412929283;46371
50.8160356287116;50.8197297255678;147;52.0999235377691;10.2078326335975;0.380575588021944;46371
50.8144876685572;50.8181816911508;149;52.1000624777535;10.2078462447035;0.380587177660936;46371
50.8130019448362;50.8166958955045;149;52.0997075264773;10.2078114722478;0.380590053525838;46371
50.8116730927603;50.8153669987266;150;52.0993002709241;10.2077715757088;0.380594508343086;46371
50.8108801758845;50.8145740385997;150;52.0988610316063;10.2077285457252;0.380594447003728;46371
50.8098683351896;50.8135621489059;150;52.0984843033975;10.2076916394842;0.380608537514742;46371
50.8087829599679;50.8124767279713;150;52.0981693115319;10.2076607811518;0.380610029144096;46371
50.8079180580759;50.8116117890222;150;52.0980560354252;10.2076496839797;0.380614123632798;46371
50.8072251440206;50.8109188227039;150;52.0975212939607;10.2075972974996;0.380616677321552;46371
50.8059593927045;50.8096530201836;150;52.0972544359282;10.2075711543862;0.380610913901644;46371
50.8048253348503;50.808518894899;150;52.096582692198;10.2075053457932;0.380613833353686;46371
50.8038534145911;50.8075469028095;150;52.0962466155174;10.2074724212723;0.380620117094582;46371
50.8027072633223;50.8064006965106;150;52.0957848724603;10.2074271853842;0.380618602673729;46371
50.8016957571199;50.8053891417762;150;52.0954889553148;10.2073981949677;0.380624534404659;46371
50.800978457277;50.8046717892388;150;52.0953250677855;10.2073821391957;0.380630148252277;46371
50.7999466584811;50.8036399436276;151;52.0948992749349;10.2073404249035;0.380631869591088;46371
50.7991099424205;50.8028031531023;152;52.0946924472196;10.2073201622384;0.380633876075468;46371
50.798217994942;50.8019111342217;154;52.0940955574102;10.2072616854287;0.380639170177401;46371
50.7972826587938;50.8009757287781;155;52.0939525401321;10.2072476740924;0.380642832360075;46371
50.7964293500765;50.8001223659245;156;52.0934162363227;10.207195132486;0.380650726945113;46371
50.7954231313427;50.7991160984583;157;52.0925299027322;10.2071082979199;0.380649646619504;46371
50.7945766334517;50.7982695270994;158;52.0921355962919;10.2070696672739;0.380652151270061;46371
50.7932478302804;50.7969406372723;160;52.0918515909488;10.2070418428601;0.380655275685916;46371
50.7917337249436;50.7954264695285;162;52.0906914394511;10.2069281803539;0.380657133179129;46371
50.7906478077044;50.7943404763528;163;52.0899605950083;10.2068565773218;0.380666814597405;46371
50.7896228644331;50.7933154607316;164;52.0895089252445;10.206812325623;0.380672437220366;46371
50.7885454313049;50.7922379964325;164;52.0890591217233;10.206768256576;0.380674498572913;46371
50.7878878135445;50.7915803259284;165;52.088905819393;10.206753236891;0.380672149800448;46371
50.78704356736;50.7907360303008;165;52.0887930185241;10.2067421852934;0.380676978417;46371
50.7858939041116;50.7895863094704;165;52.0884076051476;10.2067044245582;0.380674704086994;46371
50.7851696406664;50.7888619786093;165;52.087735466507;10.2066385716853;0.380679016130636;46371
50.7840857734058;50.7877780409219;167;52.0877127904963;10.2066363499927;0.380677864240533;46371
50.7829332045645;50.786625415849;169;52.0874405907208;10.2066096810568;0.380683859260912;46371
50.7820784896728;50.7857706525803;169;52.0872850718888;10.2065944439748;0.380690097607995;46371
50.7811173182055;50.7848094308855;169;52.0871467674115;10.2065808934639;0.380693592739355;46371
50.7801477536114;50.7838397896628;171;52.0865414389232;10.2065215856258;0.380696500257481;46371
50.778985572168;50.7826775550604;173;52.085754774829;10.2064445106833;0.380702628841103;46371
50.7781412779974;50.7818332159058;173;52.0853691881573;10.2064067318677;0.380716135960597;46371
50.7771616074963;50.7808534814042;174;52.0854405424092;10.206413722989;0.380718748120427;46371
50.7760222107887;50.7797140360358;174;52.084910522083;10.2063617927333;0.380717984404948;46371
50.7752380988368;50.7789298721635;174;52.0844736804434;10.206318991727;0.380720517072758;46371
50.7744989494784;50.7781906601672;175;52.0842507619299;10.2062971504782;0.380722184092326;46371
50.7736913626307;50.7773830308582;176;52.0841674466618;10.2062889873511;0.38072718113225;46371
50.7730414863558;50.7767330657353;178;52.083938644306;10.206266569545;0.380729141684523;46371
50.7722801701517;50.7759716952109;179;52.0835899334581;10.2062324031406;0.380736595597693;46371
50.771432172947;50.775123654602;179;52.0832216258852;10.2061963165408;0.380746378012219;46371
50.77037969631;50.7740711266343;180;52.0827427949273;10.2061494007218;0.380750904545464;46371
50.7694396220055;50.7731310178088;180;52.082297910501;10.2061058107881;0.380755286657428;46371
50.7687949598001;50.7724863126267;180;52.0819886718035;10.2060755113612;0.380755949286736;46371
50.7680387878691;50.771730090122;181;52.0812202220413;10.2060002177191;0.380760788618121;46371
50.7672510843949;50.7709423373245;182;52.0813285278745;10.20601082969;0.38076687607071;46371
50.766276160903;50.7699673749227;182;52.0805992604927;10.2059393747457;0.380764759264761;46371
50.7655575446299;50.7692487175539;182;52.080611122266;10.2059405369879;0.380769648957033;46371
50.764953620851;50.7686447186204;185;52.0803908703124;10.205918956205;0.380770399506373;46371
50.7640733861209;50.7677644330096;185;52.080182824233;10.2058985713393;0.380777202064704;46371
50.7634210256842;50.7671120229612;185;52.0802621524103;10.2059063441137;0.380780391470393;46371
50.7627140326062;50.7664049795597;184;52.0799716523991;10.2058778801629;0.380787003983318;46371
50.7619713094267;50.7656622136501;185;52.0795086368344;10.2058325125229;0.380789781850464;46371
50.7611793461255;50.7648701551246;188;52.079603671295;10.205841824298;0.380788073822626;46371
50.7600172405192;50.7637080048681;188;52.0793200361732;10.2058140328122;0.380800580807814;46371
50.7591373903981;50.762828113166;188;52.0793100009374;10.205813049526;0.380798685561628;46371
50.7584005741212;50.762091243373;189;52.0786477065328;10.2057481554791;0.380802876181047;46371
50.7577606213014;50.7614512485964;190;52.0781069262982;10.2056951675325;0.380808372051283;46371
50.7571559785052;50.7608465624646;191;52.078048161153;10.2056894094572;0.380810456296335;46371
50.7565364055671;50.7602269254912;193;52.0778220825803;10.2056672572233;0.380811598138291;46371
50.7555157341264;50.7592062130057;194;52.0770007101943;10.2055867749184;0.380825038089484;46371
50.7549447645872;50.7586351996763;193;52.0766902079664;10.2055563501424;0.380827684324378;46371
50.7541966438159;50.7578870299777;194;52.0764266312018;10.2055305233194;0.380833743954515;46371
50.7536237113656;50.7573140493349;194;52.0761816569688;10.2055065192247;0.380833372574342;46371
50.7526667939608;50.7563570901643;195;52.0754792485228;10.2054376925757;0.380830305438939;46371
50.7520480006855;50.7557382478259;195;52.0753413605273;10.2054241813388;0.380838082211576;46371
50.7513166472534;50.7550068396247;196;52.0747862931215;10.2053697917441;0.380841192112709;46371
50.7504686090481;50.7541587662167;196;52.0744487925292;10.2053367208073;0.380849442728142;46371
50.7499230148261;50.7536131345172;196;52.0740349807391;10.2052961721588;0.380850528990993;46371
50.7493607389446;50.7530508067046;196;52.0739999094366;10.2052927355796;0.380857255605286;46371
50.7485886463533;50.7522786646977;196;52.0736357329566;10.2052570504575;0.380862739455814;46371
50.7477715753395;50.7514615527669;196;52.0729558515891;10.2051904295402;0.380867025830019;46371
50.7472235243884;50.7509134433115;197;52.0725894108134;10.2051545221827;0.3808688194659;46371
50.7464185973178;50.7501084501716;198;52.0721452219232;10.2051109961551;0.380874531372731;46371
50.7457006501744;50.7493904487735;198;52.0719425714933;10.2050911383969;0.380884028882022;46371
50.7451290980625;50.7488188466673;199;52.0720277912095;10.2050994890995;0.380890278106219;46371
50.7443610137538;50.748050717435;200;52.0718654399153;10.2050835802472;0.380897399133918;46371
50.743706270483;50.7473959175021;200;52.0712774931859;10.2050259669622;0.380897770121639;46371
50.7430769289043;50.7467664940504;201;52.0710633023072;10.2050049781769;0.380904162020599;46371
50.7421293537439;50.7458188644029;200;52.0703629018069;10.2049363449075;0.380911734396784;46371
50.7412844449542;50.74497390458;201;52.0700936977746;10.2049099650878;0.380913251984339;46371
50.7403380027055;50.7440274078024;202;52.0693040384366;10.2048325844608;0.380912052319242;46371
50.7395578403443;50.7432471996786;204;52.0688640443752;10.2047894681248;0.380914943752634;46371
50.7389312667834;50.7426205866235;204;52.0686359840225;10.204767119736;0.38091851959627;46371
50.7382251164605;50.7419143908402;205;52.0681709369028;10.2047215480779;0.380925529255294;46371
50.7375806771251;50.7412699101605;205;52.0679762635669;10.2047024712695;0.380925884657152;46371
50.7368953666027;50.7405845564643;205;52.0674716949839;10.2046530264369;0.380928787425011;46371
50.7364062602968;50.7400954112826;206;52.067342618198;10.2046403776123;0.380933321978739;46371
50.7357697939377;50.739458892285;207;52.0671462040468;10.2046211300613;0.380934479838986;46371
50.7349828488586;50.7386718809065;208;52.0669729778638;10.2046041547787;0.380951948097411;46371
50.7340114758711;50.8506676922959;208;52.066308878364;10.2045390761527;0.380958926717142;46371
50.7333494701744;50.8500033480229;209;52.0659995817055;10.2045087663939;0.380958190448438;46371
50.7322228499424;50.8488752846102;210;52.0649240278546;10.2044033659842;0.380967775125712;46371
50.7316075466286;50.8482582348871;211;52.0647579376776;10.204387089647;0.380970730629924;46371
50.7309399696987;50.8475887672769;211;52.0646486192045;10.2043763767517;0.38097413670755;46371
50.7300593402931;50.8467054898773;215;52.0651366053354;10.2044241978992;0.380980678420508;46371
50.7291393348369;50.8457843071162;215;52.0645247446028;10.2043642373842;0.38098985141639;46371
50.7283233964669;50.8449667194965;216;52.0642765196844;10.2043399119869;0.380988314321071;46371
50.7276281510279;50.8442697989293;217;52.0640702831224;10.2043197012954;0.380989652064575;46371
50.726969893795;50.8436099463884;219;52.0639848851528;10.2043113324862;0.38099632084571;46371
50.726442380983;50.8430811273843;219;52.0637827597344;10.2042915246218;0.381000514886569;46371
50.7258244329285;50.8424619025043;220;52.0632137305935;10.2042357607607;0.381002452512185;46371
50.7251821253517;50.8418175370041;220;52.0628038034722;10.2041955884305;0.381005633736381;46371
50.7244140375473;50.8410479238854;221;52.0626181143637;10.2041773910849;0.381008951381895;46371
50.7237299230993;50.8403621527029;222;52.0623122038492;10.2041474120917;0.38101106704773;46371
50.7230815714987;50.8397122640205;222;52.0620695166194;10.2041236288688;0.381013674277636;46371
50.7224932117282;50.8391219509024;223;52.0620565216384;10.2041223553658;0.381018415985399;46371
50.7217613455543;50.8383885094661;224;52.0617602671975;10.2040933225052;0.381019007793274;46371
50.72077706698;50.8374021128285;225;52.0612382790205;10.2040421675942;0.381019114255206;46371
50.7200523519338;50.8366751759796;226;52.0608243787703;10.2040016051322;0.381030405455757;46371
50.7192789928997;50.8359001743769;227;52.0607251375053;10.2039918794073;0.38103680840263;46371
50.7185803625094;50.8351999828539;229;52.0603299440001;10.2039531500297;0.381042968185306;46371
50.7180301079807;50.8346483308396;230;52.060009506324;10.2039217466937;0.38104773637217;46371
50.7173457832919;50.8339623925108;231;52.0598995254935;10.2039109683977;0.381056113555988;46371
50.7166571483003;50.8332724476764;232;52.0587877933369;10.2038020162425;0.381060502130357;46371
50.7161112258031;50.8327251884146;232;52.0586207193513;10.2037856425301;0.381065254554299;46371
50.7155597897926;50.832172220666;233;52.0581511425776;10.2037396225676;0.381068920437752;46371
50.7149644935093;50.8315750871995;233;52.057803195188;10.2037055225235;0.381068897885474;46371
50.7142567921025;50.830865639793;234;52.0570497119416;10.2036316781763;0.381079005158103;46371
50.7134665459316;50.8300736729438;235;52.057228984895;10.2036492476854;0.381080507725005;46371
50.7126375497742;50.8292428756539;235;52.0570275289914;10.2036295041511;0.381076758561687;46371
50.7120449706416;50.8286490476124;235;52.0567477933212;10.2036020888039;0.381085984073591;46371
50.7116034692638;50.8282066197699;235;52.0566019953284;10.203587799919;0.381090080227275;46371
50.7111397206382;50.8277409379179;236;52.0565720918812;10.203584869239;0.381092666563121;46371
50.7101825086412;50.8267822108225;236;52.056409475214;10.2035689320173;0.381090890874436;46371
50.7092641911919;50.8258627443174;237;52.0564295010418;10.2035708946468;0.381090398128476;46371
50.7088084644953;50.8254055010037;238;52.0562644272857;10.2035547165961;0.381090363482483;46371
50.7080933799532;50.8246885182668;238;52.0561030109;10.2035388969612;0.381093008174447;46371
50.7073176910192;50.8239112196737;238;52.0559726846466;10.203526124301;0.381093976133902;46371
50.7067845078246;50.8233765954901;239;52.0559216459384;10.2035211222341;0.381096466307432;46371
50.706248687245;50.8228393361379;239;52.0555969537271;10.2034893005998;0.38109818007015;46371
50.7057144008853;50.8223037031993;239;52.0552817555514;10.2034584093386;0.38110494535208;46371
50.7051778814103;50.8217654490002;239;52.055015767912;10.2034323409245;0.381105263848804;46371
50.7042624338969;50.8208489353156;239;52.0542795885628;10.2033601905022;0.381104036702424;46371
50.7038792744612;50.8204644221797;240;52.0539606764711;10.2033289348596;0.381109011633019;46371
50.7032863310485;50.8198698683727;241;52.0538884674302;10.2033218578491;0.381110372039266;46371
50.7027411046352;50.8193235322039;241;52.0534696763088;10.2032808131805;0.381111910651527;46371
50.7023131255016;50.8188933113911;241;52.0534664234412;10.2032804943745;0.381114980994205;46371
50.7015610774996;50.8181395842515;241;52.0530583347196;10.2032404984612;0.381114952689892;46371
50.7009350679845;50.8175117631996;242;52.0527920889787;10.2032144041943;0.381119172015196;46371
50.7002856120638;50.8168609615883;242;52.052230187848;10.2031593330544;0.381120921465116;46371
50.699807005819;50.8163813067484;242;52.051973982892;10.2031342226682;0.381127751881822;46371
50.6994267295659;50.8159996178699;243;52.051914008118;10.2031283445929;0.381128433934731;46371
50.6988688549264;50.8154404977694;243;52.0517596199844;10.203113213131;0.381131724321366;46371
50.6982399950258;50.8148087051585;244;52.0510669802675;10.2030453277703;0.381140800501974;46371
50.6973798519548;50.8139469417854;244;52.0501171637156;10.2029522358693;0.381148479196033;46371
50.6967513036398;50.8133169576258;244;52.0498106628623;10.2029221954166;0.381152626873631;46371
50.6962364038642;50.8127999457205;248;52.0495769344471;10.2028992874033;0.381159809160821;46371
50.6955309736011;50.8120928569316;248;52.0492256857061;10.2028648609796;0.381165138699909;46371
50.6947125132209;50.8112728160436;248;52.0493942339004;10.2028813806591;0.38116086256961;46371
50.6941690513935;50.8107282943422;248;52.0489397284196;10.202836833785;0.381162068793076;46371
50.6937003391136;50.8102579646285;249;52.0489172460881;10.2028346302474;0.381164918814669;46371
50.6930469589188;50.8096027554455;251;52.0489839061219;10.2028411637271;0.381164367724119;46371
50.6925645102152;50.8091191821521;251;52.0488331355515;10.2028263864041;0.381166089284158;46371
50.6920750348481;50.8086279037942;251;52.0486669698658;10.2028101001504;0.381167180785366;46371
50.691594888497;50.8081462306633;251;52.0481096428501;10.2027554751498;0.381173109228692;46371
50.6911293991341;50.8076794467105;251;52.0478040870884;10.2027255267491;0.381182006499181;46371
50.6907665922531;50.8073150654486;252;52.0476660161416;10.2027119939888;0.381190449463944;46371
50.6903189332945;50.8068658945004;252;52.0475366202582;10.2026993114821;0.381193143192843;46371
50.6896385144047;50.8061842870739;252;52.046929688313;10.2026398239194;0.381190719064736;46371
50.689210120015;50.8057541841253;254;52.0465532127793;10.2026029240365;0.381197423776106;46371
50.6885378391494;50.8050797342334;255;52.04606483355;10.202555055823;0.381199671509383;46371
50.6878042666333;50.8043446335487;256;52.0455716968612;10.2025067210819;0.381214280240941;46371
50.6873510554082;50.8038898925038;256;52.0454100476513;10.2024908770017;0.381217919677177;46371
50.6868625293937;50.803399325468;258;52.0453723650314;10.2024871835285;0.381224275507562;46371
50.6861093926741;50.802643803193;259;52.0446702846883;10.2024183686701;0.381225345191817;46371
50.6854331983581;50.8019662655424;261;52.044323343337;10.202384362818;0.381234242234517;46371
50.6849809896819;50.8015130074612;261;52.0441208855943;10.2023645186392;0.381235411286614;46371
50.6845954982954;50.8011260317559;261;52.0440369423683;10.2023562908152;0.381240166309199;46371
50.6840895611695;50.8006186362178;262;52.0436322268736;10.2023166219123;0.381245580892005;46371
50.6836364646982;50.8001637767927;263;52.0432555262995;10.2022796988026;0.381250251612522;46371
50.6830711849678;50.7995971249801;264;52.0431280903168;10.2022672078628;0.381256662837918;46371
50.6827126004925;50.7992370473249;265;52.0429377279117;10.2022485490123;0.381261176924059;46371
50.6823064773595;50.7988290326793;266;52.0428565498772;10.2022405921324;0.381264836827109;46371
50.681813373791;50.7983336184516;268;52.0426985027033;10.2022251007026;0.381273836580359;46371
50.6810332577229;50.7975524140833;268;52.0418749075302;10.2021443733688;0.381280811667523;46371
50.6806092778833;50.7971273122704;268;52.0417089477657;10.2021281062106;0.381277999331853;46371
50.680282332057;50.796798784326;269;52.0416410337651;10.2021214493619;0.381280658212676;46371
50.6795791424096;50.7960933155859;270;52.0413981319245;10.2020976403801;0.381276902228099;46371
50.6789882778957;50.7955008557205;270;52.041239215643;10.202082063544;0.381281814997811;46371
50.6785693939486;50.7950806632115;271;52.0413410945791;10.2020920496317;0.381290706133395;46371
50.678048510338;50.7945582310935;272;52.0410075224409;10.2020593531346;0.381289033124392;46371
50.6776158741783;50.794124714217;272;52.0409396571142;10.2020527010121;0.38129549602906;46371
50.677245857149;50.7937530173086;272;52.0406870168839;10.2020279373156;0.381296536209812;46371
50.6768407855469;50.7933461725384;272;52.0405623004769;10.20201571264;0.381304627127789;46371
50.6764566588198;50.7929607730351;272;52.0405639111009;10.2020158705131;0.381307871014517;46371
50.6760197682484;50.7925222993774;275;52.0404400458161;10.2020037292501;0.381313734711159;46371
50.6754849091939;50.7919860148563;276;52.0401127147652;10.201971644223;0.381318030769692;46371
50.6749362423434;50.7914358258183;276;52.0395721914276;10.2019186618427;0.381323245143952;46371
50.6744130774636;50.7909114750003;277;52.0391900508094;10.2018812040534;0.381324556894052;46371
50.6739876411724;54.357956187699;277;52.0389975591025;10.2018623357799;0.381328324177023;46371
50.6735839766098;54.3574835111161;281;52.0390150860446;10.2018640537938;0.381330799867293;46371
50.6729021682996;54.3567608656427;282;52.0384946930062;10.2018130440629;0.381337485361198;46371
50.6724961331502;54.3563041324396;282;52.0383128211215;10.2017952166392;0.381339660442632;46371
50.6720902084112;54.3558450702589;282;52.0380194777536;10.2017664625058;0.381347760062114;46371
50.6716790757747;54.3553716929749;283;52.0379828602832;10.2017628731787;0.381349945496331;46371
50.6711281860934;54.3547709131908;284;52.037480149344;10.20171359619;0.381352865928899;46371
50.6706627294379;54.3542648654898;284;52.0374194359532;10.2017076448949;0.381357505896932;46371
50.6702944195997;54.3538380537222;285;52.0371421492282;10.2016804644361;0.381361927491426;46371
50.6698257630044;54.3533234539843;285;52.0371583188899;10.2016820494358;0.381369191381144;46371
50.6693027815441;54.3527549321289;287;52.0369016733755;10.2016568922284;0.381370388328893;46371
50.6688439807871;54.3522469593675;289;52.0367128016291;10.2016383783811;0.381371870362464;46371
50.6684553046109;54.3518084376251;290;52.0365300133503;10.2016204608239;0.381376356376865;46371
50.6679557307341;54.3512445384334;290;52.0361205042316;10.2015803191693;0.381376362818933;46371
50.6674332708143;54.3506768826417;290;52.0357024625596;10.2015393409583;0.381380931521741;46371
50.6669908731119;54.3501850837745;292;52.0353739720133;10.2015071408114;0.38138454475804;46371
50.6665340236826;54.3496908926923;293;52.0350883771569;10.2014791454139;0.381386575008533;46371
50.666201203505;54.3493122301331;293;52.0350939588886;10.2014796925631;0.381389023461467;46371
50.6657498668677;54.3488084254637;292;52.034750466658;10.2014460216832;0.381391285069539;46371
50.6650545471418;54.3480464271142;293;52.0342499150416;10.2013969548333;0.381385982632504;46371
50.6645132950128;54.3474423299123;293;52.0336795879068;10.201341047912;0.381392700097321;46371
50.6640687174824;54.3469604449717;293;52.0333526311336;10.2013089974898;0.381402033755456;46371
50.6636827309261;54.3465260807111;293;52.0330931327965;10.2012835597092;0.381401117447931;46371
50.6632551667993;54.3460459266642;293;52.0328643794841;10.201261135711;0.381403435844551;46371
50.662794849649;54.3455255198122;293;52.0326785098542;10.2012429154348;0.381407824985994;46371
50.6622871144123;54.3449601695526;295;52.032328749542;10.2012086293284;0.381412748978463;46371
50.6617717630506;54.3443808521329;297;52.0321889352644;10.2011949236611;0.381414458192076;46371
50.6611202780985;54.3436837397222;298;52.0320695550213;10.2011832210799;0.381410301490483;46371
50.6607075324093;54.3432057398804;301;52.0320815054158;10.2011843925513;0.381412655944088;46371
50.6601600113688;54.3425889056743;302;52.0315983189651;10.2011370267206;0.381415836225853;46371
50.6596088444925;54.3419896360238;302;52.0316908958555;10.2011461018707;0.381424150203014;46371
50.6590398447989;54.3413700732485;303;52.0313686898336;10.2011145165451;0.381432607153794;46371
50.6586417734381;54.3409024231498;305;52.0312856771288;10.2011063789306;0.381441473172151;46371
50.658096739775;54.340293289291;305;52.0312648790134;10.2011043401206;0.381456251836088;46371
50.6575379356767;54.3396924605861;305;52.0311963747505;10.2010976247412;0.381458964420754;46371
50.6571807702362;54.3392785087433;305;52.0309638918364;10.2010748347256;0.381460820051603;46371
50.6567588855688;54.3387927007728;306;52.0304074599313;10.2010202881801;0.381467493978148;46371
50.6561695833368;54.3381441782634;307;52.0300915209744;10.2009893168236;0.381476798998949;46371
50.6556271657645;54.3375393375685;308;52.0302156998778;10.2010014900379;0.381483999204305;46371
50.6551663497936;54.337018194055;309;52.0303375115649;10.2010134311807;0.381491516317693;46371
50.6546492935268;54.3364264405926;310;52.0300527940351;10.2009855204323;0.381494969955547;46371
50.6539473621182;54.3356761801021;310;52.0300346148015;10.2009837383266;0.381496262708131;46371
50.6535617079216;54.3352355802185;310;52.0297259435198;10.2009534793096;0.381500999698524;46371
50.6531750122945;54.3347203841006;313;52.0296330272941;10.2009443707231;0.381506341468806;46371
50.6491048191697;54.3306126479042;313;52.0231084323245;10.2003047437147;0.381448039518941;46371
50.6484843064582;54.3299472300394;314;52.0224677022589;10.2002419287249;0.381447323796949;46371
50.64784320043;54.3292562148819;315;52.021363888141;10.2001337136472;0.381443979605317;46371
50.64749740425;54.3288844028416;315;52.0212033474063;10.2001179745537;0.381448982298102;46371
50.6471755818272;54.3285206174417;316;52.020989210571;10.2000969809675;0.381449290964328;46371
50.6466532825124;54.3279595618635;316;52.0205475382204;10.2000536800764;0.381445252891479;46371
50.6463968943142;54.3276691139924;316;52.0204657938582;10.2000456659623;0.381449348274189;46371
50.6461714086514;54.3273958990746;316;52.0202952201886;10.2000289431147;0.381453082701745;46371
50.6456339728609;54.3268077625108;318;52.0204040691998;10.2000396145505;0.381458006497031;46371
50.6451809029853;54.326308806021;318;52.0200023418222;10.2000002295904;0.381466739472725;46371
50.6447351588817;54.3258128450139;319;52.0198085988079;10.19998123516;0.381466838477228;46371
50.6442656828448;54.3253150066015;319;52.0194069528116;10.1999418579531;0.381470313383998;46371
50.6439819529342;54.3249881228398;319;52.0193290188526;10.1999342173224;0.381476475062781;46371
50.6436254649998;54.3245875428912;319;52.0194020620564;10.1999413784645;0.381484854068434;46371
50.6431399248493;54.3240608700079;319;52.019062996357;10.1999081364841;0.381483575230551;46371
50.642749396555;54.3236115221317;320;52.018778622981;10.1998802564521;0.38148645099448;46371
50.6421571617716;54.3229759849862;320;52.0188046125595;10.1998828044796;0.381495854277479;46371
50.6418025458077;54.3225760538025;320;52.0186934281142;10.1998719039127;0.381499510033457;46371
50.6413497177159;54.3220670897769;320;52.0185910198241;10.1998618637533;0.381505462064962;46371
50.6409466463596;54.32161945967;321;52.018443041692;10.1998473558865;0.381510359903803;46371
50.6405725896862;54.321207611445;321;52.0182306087158;10.1998265287911;0.381512682217513;46371
50.6402163951484;54.3208032269263;323;52.0180646696017;10.1998102599609;0.381516102544866;46371
50.639831640042;54.3203670704876;324;52.0176627289531;10.1997708532058;0.381521636913122;46371
50.6394074508834;54.3199016258678;325;52.0175016266375;10.1997550584941;0.381525257827719;46371
50.6391244837821;54.319571076955;326;52.0170610781706;10.1997118663392;0.381529776243937;46371
50.6387626234223;54.3191655772541;326;52.0169417369384;10.1997001658812;0.381531819251061;46371
50.6384522424762;54.3187928419929;327;52.0165752488581;10.1996642345577;0.381537776376504;46371
50.6379938057375;54.3182729395924;327;52.0160572610655;10.1996134496426;0.381546561287423;46371
50.6375796164668;54.3178043852942;330;52.0158419687936;10.1995923417354;0.381553502896;46371
50.6370606248989;54.3172022860345;334;52.0157107734051;10.1995794789202;0.381559315053549;46371
50.6365632132383;54.3166491556432;335;52.015515044044;10.199560288958;0.381570567913529;46371
50.6362836037404;54.3163287548587;335;52.0151763733551;10.1995270844638;0.381579766760998;46371
50.6359961159347;54.31599890824;336;52.0148975249006;10.1994997450758;0.381583819448492;46371
50.6357137153782;54.3156604319795;337;52.0146463829779;10.1994751220813;0.381588917790989;46371
50.6351957693954;54.315093633325;338;52.0139274750436;10.1994046370407;0.381590842073808;46371
50.6345336624828;54.314376683297;338;52.0135496380111;10.1993675919648;0.381585397466256;46371
50.6341906633889;54.3139744556674;339;52.0135607818642;10.1993686845671;0.381589969405457;46371
50.63385219623;54.3135905412523;339;52.0136306411429;10.1993755339376;0.381600773563206;46371
50.6335419779585;54.313230554503;341;52.0136111424394;10.1993736221828;0.381603312130449;46371
50.6331504552335;54.3127940230833;341;52.0131179507122;10.1993252669686;0.381608682537914;46371
50.6327261570784;54.3123330512279;341;52.0130651968931;10.1993200946821;0.38161235362866;46371
50.6324100482873;54.3119787342676;341;52.0130467776313;10.1993182887516;0.381612904350804;46371
50.6320520789682;54.3115823335619;341;52.0130495108901;10.199318556736;0.381615184880168;46371
50.6317643760789;54.3112187804808;342;52.0130291804291;10.1993165634202;0.381625641020165;46371
50.6313378127106;54.3107477811083;342;52.0126975702113;10.1992840503843;0.381637261580061;46371
50.6310089997819;54.3103700037948;343;52.0126449314605;10.1992788893588;0.381642898054427;46371
50.6305677160468;54.3098591732048;343;52.0125930439433;10.1992738019864;0.381646796336425;46371
50.6301586920916;54.3094068822339;343;52.0126879869882;10.1992831107866;0.381657142638322;46371
50.6298157713013;54.3089900075498;343;52.0125365158476;10.1992682596202;0.381661044701141;46371
50.6293511538131;54.3084774524765;343;52.0122813225639;10.1992432388451;0.381666221454541;46371
50.6289935046207;54.3080844082675;343;52.0122002021093;10.1992352852662;0.381666817578995;46371
50.628621329417;54.3076340724982;347;52.0119228067489;10.1992080875673;0.381666049756293;46371
50.6281194103538;54.3070834264894;347;52.0108481797779;10.1991027232574;0.381670900932358;46371
50.6279219932914;54.3068291901706;348;52.0106044407476;10.1990788251437;0.381678435508931;46371
50.6275131876885;54.3063741087894;348;52.0103931725514;10.1990581106837;0.381684822020571;46371
50.6272137913879;54.3060304395683;350;52.010224258262;10.1990415489164;0.381689707043528;46371
50.6269111648844;166.959858808396;350;52.0099995437282;10.1990195159857;0.381697501023187;46371
50.6265548038288;166.958329739494;350;52.0096611920247;10.1989863410071;0.381699135715153;46371
50.6261949721432;166.956339003014;351;52.0096037792185;10.1989807117396;0.381702996843446;46371
50.625816058981;166.954647019587;353;52.0093486958146;10.1989557010328;0.381705090911358;46371
50.6253625047146;166.952931364375;354;52.0090597595784;10.198927371011;0.381707966663765;46371
50.6251243526369;166.951049165175;354;52.0088914555742;10.1989108688697;0.381709167570735;46371
50.6247565796142;166.949317550817;354;52.0088073441482;10.1989026217675;0.381712817458135;46371
50.6244863692805;166.947607918478;354;52.0087817045705;10.1989001078127;0.381718328227258;46371
50.6241956725184;166.94596492664;354;52.008782639234;10.1989001994562;0.381723819927548;46371
50.6238619078485;166.943552360733;355;52.0086027868983;10.1988825649576;0.381728373856813;46371
50.6234901363932;166.941201783886;355;52.0083945288513;10.1988621452446;0.38173480650707;46371
50.6231417087179;166.938262890071;357;52.0082332651677;10.1988463333034;0.381737791264791;46371
50.6226389081487;166.936064370216;357;52.0076265087787;10.1987868404805;0.381743373501768;46371
50.6222757531158;166.93426348362;359;52.0075743585861;10.198781727107;0.381749355646994;46371
50.6219852620443;166.931830173554;359;52.0074962259072;10.1987740661226;0.38175449925638;46371
50.6215133681087;166.929924453672;361;52.0072676754317;10.1987516564952;0.381758993908637;46371
50.6211381935059;166.92680454536;362;52.0069167678711;10.1987172495242;0.381763896984179;46371
50.6206596584274;166.925139901069;362;52.006830475554;10.1987087884255;0.381773659470292;46371
50.6204090862498;166.923438340433;364;52.0066694668668;10.1986930012494;0.381779820915235;46371
50.6200938533545;166.921594204722;365;52.0064229312879;10.1986688279685;0.381787560149115;46371
50.6197770614114;166.919425854607;366;52.0060406833573;10.1986313477209;0.381792111578824;46371
50.6194224016399;166.9176311367;366;52.0059639338911;10.1986238222508;0.38179571805996;46371
50.6191084885009;166.91608972042;367;52.0057699153142;10.1986047982373;0.38179895577993;46371
50.6188337148253;166.914745487664;367;52.0054642456403;10.1985748264785;0.381802864383569;46371
50.618631658322;166.913520059111;367;52.0051887116337;10.1985478095299;0.381807502368924;46371
50.6183661195844;166.911598558671;367;52.0052011550804;10.1985490296493;0.381807615722626;46371
50.6180439059253;166.909741328837;368;52.0050291622523;10.1985321651944;0.381811237855006;46371
50.6177441229813;166.90756663514;369;52.0049796254678;10.1985273079467;0.38181318283206;46371
50.6172077191089;166.905233097483;370;52.0046349754639;10.1984935137954;0.381814303880886;46371
50.6165017818411;166.903260464152;371;52.0034374145052;10.1983760878392;0.38181807203585;46371
50.6161540119801;166.901109288516;371;52.00309044584;10.1983420658301;0.381819672622455;46371
50.6156796907152;166.899098535299;372;52.0030069930162;10.1983338828474;0.381823219091017;46371
50.6153418563731;166.897083641335;373;52.0027435462125;10.198308050477;0.381822771420662;46371
50.6148833166434;166.894664108862;374;52.0020923929625;10.1982442011321;0.381826405276795;46371
50.6142533482229;166.892475772382;374;52.0018501157965;10.1982204443517;0.381832055090222;46371
50.6139226392271;166.89088266688;374;52.0016575491015;10.1982015619521;0.381836543309255;46371
50.6136931953228;166.889436079648;374;52.0015299964759;10.1981890545798;0.381838874606078;46371
50.6134848837616;166.887830893081;375;52.0013250274178;10.198168955986;0.381843626742083;46371
50.6131829434062;166.886107866788;376;52.0013988762171;10.1981761973617;0.381848590029303;46371
50.6128580768928;166.883655670749;378;52.0010577743546;10.1981427499672;0.381851545341542;46371
50.6123941903498;166.881813836196;379;52.0007371156106;10.1981113070618;0.381857584134324;46371
50.6121602867959;166.880247646527;381;52.0007369782009;10.1981112935877;0.381864278652888;46371
50.6118872344665;166.878710902821;382;52.0005782438518;10.1980957285026;0.38186808069358;46371
50.6116477800707;166.877052487926;384;52.0006725101425;10.1981049720173;0.381872266186962;46371
50.6113783125185;166.875214808545;385;52.0005559866962;10.1980935460209;0.381876672986031;46371
50.6111920926366;166.873206273004;387;52.0004769970676;10.198085800489;0.381883988887346;46371
50.6108538857705;166.871517292585;387;52.0002258622674;10.198061174779;0.381892347476171;46371
50.6105639975016;166.869542694926;389;52.0004188103534;10.1980800948368;0.38189702807568;46371
50.6102821958691;166.867461924553;391;51.9999822832069;10.1980372899109;0.381906336033434;46371
50.6099363258376;166.865641402311;391;51.999787997958;10.1980182386538;0.381911829689722;46371
50.6096719821319;166.863323636602;393;51.9995898222423;10.197998805868;0.381914637516047;46371
50.6092725651096;166.861966747921;393;51.999394001683;10.1979796039885;0.381921207712529;46371
50.6089999669698;166.85996851857;394;51.9991743595305;10.1979580661553;0.381923138573272;46371
50.6086285387903;166.858243863326;395;51.9990506545806;10.1979459357834;0.381925664318244;46371
50.6083317549735;166.856087673445;395;51.9990086470404;10.1979418165668;0.381928740956381;46371
50.6080528073828;166.853904887174;396;51.9984289644428;10.1978849733112;0.381934728428752;46371
50.6077278751056;166.852542973294;396;51.998061294304;10.1978489196795;0.381944310822579;46371
50.6075513062226;166.85073062077;396;51.9978758640342;10.1978307363904;0.381949089157319;46371
50.6072551686614;166.848788970981;396;51.9976830106528;10.1978118251567;0.381955063128515;46371
50.6068945353433;166.847401925368;396;51.997632916968;10.1978069129561;0.381958468578475;46371
50.6065864837629;166.845924593498;396;51.9974702986384;10.1977909665416;0.381960036895907;46371
50.6062350552706;166.844404225733;397;51.9974767852242;10.1977916026191;0.381962661871681;46371
50.6060349056283;166.843029517158;397;51.9971302525863;10.1977576214172;0.381969334632373;46371
50.605736854124;166.841069258444;397;51.9971269357997;10.1977572961705;0.381970102725574;46371
50.6055082427248;166.839074620216;398;51.996976704888;10.1977425644;0.381975988293829;46371
50.6050987693111;166.837103873124;399;51.9968993912231;10.1977349829482;0.381977647087892;46371
50.6048077038789;166.834881996461;399;51.9965352290186;10.197699272779;0.381982254457642;46371
50.6043351830861;166.833092458367;402;51.9960434610174;10.1976510492385;0.381983468333613;46371
50.6040868162666;166.831219464212;403;51.9961017423346;10.1976567644077;0.381987588141431;46371
50.603902950985;166.82952474936;404;51.9960170318648;10.1976484575479;0.381997455406003;46371
50.6034894947555;166.827271972448;406;51.9960855184972;10.1976551734698;0.381999611738109;46371
50.6032763665177;166.825788360751;407;51.9958596344926;10.197633022863;0.382009588105291;46371
50.6029880961643;166.82401394205;407;51.9955567327958;10.1976033196821;0.382012665049283;46371
50.6026635823684;166.822786641142;407;51.9952065020096;10.1975689752028;0.382018243153226;46371
50.6023776974258;166.821172125632;409;51.9950211058165;10.1975507947562;0.382021116774195;46371
50.6021690975901;166.819155290134;410;51.9947212545873;10.197521390474;0.382024535349513;46371
50.601742727815;166.816888178753;412;51.994671838093;10.1975165445409;0.382026326740517;46371
50.6015384004565;166.815073350986;412;51.9945396778933;10.1975035844949;0.38203405346563;46371
50.6012408431135;166.812815572827;414;51.9945808726688;10.1975076241863;0.382038525207583;46371
50.6008578522899;166.810614447668;415;51.9944413050573;10.1974939377337;0.382043729051083;46371
50.6005806052478;166.809713347708;415;51.9944728142863;10.1974970276324;0.382049496025017;46371
50.6004202077443;166.807815572637;417;51.994299731945;10.1974800545963;0.382049931328604;46371
50.6000135538074;166.805789655585;419;51.9941792065069;10.1974682354501;0.382053495428791;46371
50.5997679376377;166.803717318244;421;51.9940565835258;10.1974562105974;0.382063269566617;46371
50.5994844443934;166.802232419641;421;51.9938641422048;10.1974373390774;0.382072198562659;46371
50.5990869947109;166.800803347898;422;51.9936764402204;10.1974189322809;0.382074445897089;46371
50.5989012511171;166.799128106455;422;51.9935836190176;10.1974098298556;0.382079200676177;46371
50.5986859304129;166.797854844594;422;51.9933641531969;10.1973883081108;0.382086085204512;46371
50.598540012856;166.796006380258;423;51.9932457813121;10.1973767000452;0.38209192639367;46371
50.5982668206265;166.794438877871;425;51.9931168958899;10.197364060961;0.382095220610454;46371
50.5980666133447;166.792065625059;426;51.9928905334795;10.1973418628071;0.382101393856785;46371
50.5976808724428;166.790582427078;426;51.9927665626515;10.197329705629;0.382105538026882;46371
50.5975017495655;166.788927029236;427;51.9924763628334;10.1973012471765;0.38211245197225;46371
50.5972726634688;166.787643956537;427;51.9923370727362;10.1972875876614;0.382115568673662;46371
50.5971210624461;166.785200073011;428;51.9922026902395;10.1972744093939;0.382120564859884;46371
50.5967008930496;166.782868339562;430;51.9911756256734;10.1971736893782;0.382128229851155;46371
50.5963868835956;166.780639943724;430;51.9907288698191;10.1971298775508;0.382134796513649;46371
50.5960292058294;166.778560378502;430;51.9902616723385;10.1970840608812;0.382135556890536;46371
50.5957606985234;166.777167427434;430;51.9898988720149;10.1970484819888;0.382139138275573;46371
50.5955390744503;166.775423808306;430;51.9897412550877;10.1970330248644;0.382142835342909;46371
50.5952107190158;3724.45686910331;431;51.9894976933108;10.197009139283;0.382146502941327;46371
50.5949460782892;3724.39556163569;433;51.9893218415352;10.1969918938416;0.382151407598643;46371
50.5945157588748;3724.34043457553;433;51.9892669502289;10.196986510752;0.382152675224731;46371
50.5942833345761;3724.27701110097;434;51.9892172874339;10.1969816404104;0.382158528444181;46371
50.5939603726071;3724.20918606114;434;51.9891963633828;10.1969795884255;0.382163998183821;46371
50.5936882983387;3724.15682853741;434;51.9889667890993;10.1969570744511;0.382170107632284;46371
50.5933770078349;3724.10296678123;435;51.9889796101946;10.1969583317963;0.382172147143571;46371
50.5930895900579;3724.05559941769;437;51.9885516885686;10.1969163660951;0.382174390198557;46371
50.5927339723957;3723.94356562389;437;51.9883778364964;10.1968993166057;0.382175071045386;46371
50.5921726613379;3723.88759792633;437;51.9881445842822;10.1968764417622;0.382182167672806;46371
50.5919860129348;3723.83704785751;438;51.9880514293241;10.1968673061214;0.38218957449253;46371
50.5916587122568;3723.77407335295;439;51.9879695556854;10.1968592768249;0.382191828575997;46371
50.5913740880231;3723.70243319866;440;51.9881207962852;10.1968741088909;0.382200621880243;46371
50.5910184136747;3723.61492542576;440;51.9874124082434;10.1968046375562;0.382207459100365;46371
50.5906630528814;3723.56404695834;440;51.9872273323188;10.1967864871555;0.382215680389587;46371
50.5903838897412;3723.50571397877;440;51.9871145355902;10.1967754251616;0.382218495200357;46371
50.5900587956941;3723.45246474521;440;51.9870812848915;10.1967721642578;0.382220170771412;46371
50.5897609040403;3723.40360093621;442;51.986922734457;10.1967566151651;0.382223417651802;46371
50.5895459805172;3723.34617531979;443;51.9868444326082;10.1967489360686;0.382227074348661;46371
50.5892314114306;3723.28995995367;443;51.9866607428309;10.1967309215092;0.3822312427824;46371
50.5891056004103;3723.21805748683;443;51.9866042985173;10.1967253859773;0.382239919475737;46371
50.5888417575514;3723.15242166296;445;51.9863342781468;10.1966989048561;0.382245699688476;46371
50.5884807184082;3723.07638339552;447;51.9859311084859;10.1966593655458;0.382248984878397;46371
50.5882015292342;3723.02284844533;448;51.9859740225354;10.196663574183;0.382255473686324;46371
50.5878589540778;3722.9492724357;449;51.9858065788317;10.196647152749;0.382257573861705;46371
50.5875142272451;3722.89787980621;449;51.9855374375956;10.1966207576428;0.3822657041135;46371
50.587127561354;3722.85512528145;449;51.985515282474;10.1966185848519;0.382266469221031;46371
50.5868233864415;3722.78559999465;451;51.985354137177;10.196602781042;0.382266959771685;46371
50.5865331866107;3722.73218054804;451;51.9852969337898;10.1965971709968;0.382275424337812;46371
50.5863562161761;3722.67870707587;451;51.9853329635402;10.1966007045035;0.382282451672943;46371
50.5861136468845;3722.61714583634;451;51.9852715069985;10.1965946773419;0.382284625434411;46371
50.5858310443359;3722.5743126612;452;51.9850159974209;10.1965696189867;0.382289055363709;46371
50.5856642656899;3722.50680839841;452;51.9847798960936;10.1965464639841;0.382292851554797;46371
50.5853547784559;3722.45649706722;452;51.9846088093736;10.1965296850814;0.382296789021685;46371
50.5850796863324;3722.3886782768;452;51.9843243743711;10.196501789768;0.38230014145453;46371
50.5847833198165;3722.32306658645;454;51.9842628266451;10.1964957536053;0.382306907079481;46371
50.5845029893813;3722.25900666747;455;51.9841386070924;10.1964835710251;0.382312749788212;46371
50.5842239837889;3722.20660900558;456;51.9841542364798;10.1964851038463;0.382318452449579;46371
50.5839592881411;3722.14416860874;458;51.9840024099016;10.1964702137457;0.38232154219124;46371
50.5836537759607;3722.07309779051;458;51.9840419908859;10.196474095577;0.382326055172146;46371
50.5831715708786;3721.97640739151;460;51.9835798804973;10.1964287748699;0.38233209021173;46371
50.5827361310467;3721.91370827726;460;51.9836118551511;10.1964319107373;0.38233932299773;46371
50.5824754605434;3721.85562992433;460;51.9836283661699;10.196433530031;0.382345505885151;46371
50.5822326660439;3721.80390166177;460;51.983554137467;10.1964262501591;0.382350384677715;46371
50.581979258648;3721.75531946593;461;51.9834437290996;10.1964154220098;0.382352199352393;46371
50.5817123860612;3721.6939088436;462;51.9831121928438;10.1963829069767;0.382353784302261;46371
50.5815273895241;3721.63639629257;462;51.9829232763509;10.1963643791648;0.38235825692399;46371
50.58130511392;3721.5637308727;463;51.9827654531725;10.1963489007755;0.382360568281935;46371
50.5809849503078;3721.46364001731;466;51.9825139693573;10.1963242366411;0.382365457967085;46371
50.5807096632644;3721.40995266756;466;51.9823466559487;10.1963078274392;0.382374204887477;46371
50.5804718848753;3721.34600827005;468;51.982220280732;10.1962954332181;0.38237732859921;46371
50.5801398283281;3721.30272990944;468;51.9820766258117;10.1962813442756;0.382379813860004;46371
50.5799245748425;3721.24902099977;469;51.9818015138623;10.1962543626434;0.382381178953662;46371
50.5796797236075;3721.18950563244;469;51.9817531468905;10.1962496190404;0.38238607422422;46371
50.5793784150831;3721.11973708377;473;51.9812578072416;10.1962010383517;0.382391257598818;46371
50.5791622994325;3721.07135908092;473;51.9811054772411;10.1961860984626;0.382401800623361;46371
50.5788706582741;3720.99075915139;473;51.9809581201327;10.1961716462732;0.3824021842517;46371
50.5785962924867;3720.92525248249;475;51.9809703933979;10.1961728499862;0.382411496613816;46371
50.5782989859008;3720.86008519444;475;51.9808808929228;10.1961640721325;0.382414643986153;46371
50.5780205098017;3720.80049118571;476;51.9806837278366;10.1961447349316;0.382419125445453;46371
50.5778003205718;3720.73016188609;479;51.9804811729137;10.1961248690778;0.382425473273272;46371
50.5776165386225;3720.6452179344;481;51.9804294501979;10.1961197962949;0.382434215766504;46371
50.5766719007558;3720.59002880195;481;51.98039342423;10.1961162629925;0.382438771694068;46371
50.5763900287988;3720.53112791731;481;51.9801661076193;10.1960939685371;0.382440241329211;46371
50.5762164746774;3720.46564370842;483;51.9799462869259;10.1960724092099;0.382446122806165;46371
50.5759909697199;3720.40947275057;484;51.9800108445208;10.196078740822;0.382453793158651;46371
50.5757011758257;3720.3463482777;485;51.9798241671756;10.1960604320665;0.382456392368104;46371
50.5754347588976;3720.29245171862;487;51.9794828067149;10.1960269523687;0.382460384664703;46371
50.5751763979357;3720.23780212822;488;51.9794363882454;10.1960223997641;0.382462477186985;46371
50.5749105904759;3720.17444224253;492;51.9788167869503;10.1959616306605;0.382464814084027;46371
50.5745489942959;3720.10258053526;494;51.9786423522481;10.1959445224313;0.382467958320212;46371
50.5742827727122;3720.02921209072;494;51.9784023017186;10.1959209786776;0.382476743167313;46371
50.574036048244;3719.92470494394;495;51.9781735516866;10.1958985432071;0.38248221822916;46371
50.5737148821236;3719.87714230007;495;51.9780026928032;10.1958817855841;0.38249026222293;46371
50.5734713486965;3719.79158971332;497;51.977814722812;10.1958633496935;0.382491510354825;46371
50.5730124345661;3719.73749642511;497;51.9772566188794;10.1958086112755;0.382495548828927;46371
50.5727696282138;3719.67344422374;497;51.9772300882633;10.1958060091651;0.382498992726628;46371
50.5724439640433;3719.61131823081;498;51.9770181292909;10.1957852203046;0.382498652298261;46371
50.5721779492791;3719.56408790449;498;51.9770199765746;10.1957854014857;0.38250128946258;46371
50.5720188356192;3719.5208478324;498;51.9769758337324;10.1957810719662;0.382504732215513;46371
50.5718135873103;3719.46321994076;499;51.9767905426242;10.1957628986383;0.382506629663217;46371
50.571614706141;3719.40978278515;499;51.97629077871;10.1957138816966;0.382513922115411;46371
50.5713331189176;3719.344363018;502;51.9760511119629;10.1956903750519;0.382517659779127;46371
50.5711028294339;3719.28967672552;504;51.9758820025088;10.1956737886722;0.382522602110285;46371
50.5709278473062;3719.22276745974;505;51.9759191010187;10.1956774273237;0.382526183139676;46371
50.5706638036841;3719.16966111161;506;51.9752141097307;10.1956082809934;0.382530104583541;46371
50.5703833076279;3719.10308947764;507;51.9750857289911;10.1955956892171;0.38253189494156;46371
50.5698954573698;3719.03047577788;508;51.9738639313056;10.1954758526815;0.382527715595716;46371
50.5696895223814;3718.97480208462;508;51.9740706435252;10.195496127558;0.382538594718627;46371
50.5694658572009;3718.89787971553;509;51.9738934806426;10.1954787509604;0.382541981006708;46371
50.5692234323118;3718.84834800098;509;51.973908942688;10.1954802675193;0.382546867633952;46371
50.5689339793135;3718.79656963238;511;51.9735895886457;10.1954489443718;0.382549025784237;46371
50.5688083008385;3718.73348858326;511;51.9735736150558;10.1954473776344;0.382554022233616;46371
50.5686668168462;3718.67899310299;512;51.9732781976531;10.19541840217;0.382559264871111;46371
50.5685177588784;3718.62091439251;514;51.9731657474881;10.1954073726838;0.382565378139572;46371
50.5683376938658;3718.56573545568;514;51.9730229794979;10.1953933695074;0.382570880353738;46371
50.5680793486237;3718.51194516419;514;51.9729160846915;10.1953828848839;0.382572701637296;46371
50.5677809161879;3718.44783460118;514;51.9727051220077;10.1953621928804;0.382573938160367;46371
50.567539899393;3718.39186824125;515;51.9726017496238;10.1953520537178;0.382578972829826;46371
50.5671759460365;3718.3419348021;516;51.9724295141287;10.1953351601729;0.382579238739655;46371
50.5669391579873;116019.539649687;526;51.9725042849857;10.1953424940005;0.382584381811057;46371
50.5658592994114;116002.745126733;532;51.9735622835444;10.1954462662057;0.382617316638468;46371
50.5648251751134;115985.319938776;543;51.9743495409494;10.1955234824848;0.382651121465633;46371
50.5638428454071;115967.715237034;559;51.9753398402586;10.1956206128179;0.382687971585573;46371
50.5628308492844;115950.312612056;565;51.9761257577416;10.1956976963562;0.38272429735579;46371
50.5619690031968;115933.357100543;573;51.9769713152116;10.1957806287907;0.382766844726982;46371
50.5610672195013;115916.067243813;580;51.9782265821212;10.1959037443594;0.382801442880156;46371
50.5601670781422;115898.53929495;586;51.9792583865606;10.1960049417956;0.3828362995871;46371
50.5592862154945;115881.066990987;598;51.9800386399255;10.1960814669093;0.382870486936838;46371
50.5584955962554;115863.449801904;606;51.9810125348916;10.1961769830551;0.382906369620674;46371
50.5577048813458;115845.595874543;613;51.9824206860681;10.1963150879196;0.382941383609305;46371
50.5569850739429;115826.943735291;625;51.9837723237678;10.1964476484477;0.382979422800227;46371
50.5562099327791;115808.980917722;636;51.9852406255746;10.1965916487398;0.383017476852417;46371
50.5555943892484;115790.348466924;652;51.9865527531248;10.1967203308833;0.383055001482853;46371
50.5550184549958;115772.023633483;661;51.9880071065015;10.1968629594108;0.38309495374007;46371
50.5545165933954;115753.052260142;667;51.9894122980928;10.1970007647438;0.383133356190986;46371
50.5540003351878;115733.79656247;672;51.9909256760158;10.1971491776884;0.383171557473356;46371
50.5533915707211;115714.745338873;681;51.9923767218697;10.1972914758645;0.383208569140376;46371
50.5529324066668;115695.67074233;688;51.9939321522536;10.1974440084027;0.383247125705783;46371
50.5525067139916;115676.181375302;701;51.995539047528;10.1976015854247;0.383285391879481;46371
50.5521998513197;115656.188694063;712;51.9971377015954;10.1977583518728;0.383328384387293;46371
50.551930914999;115636.246750785;725;51.9989242436698;10.1979335400531;0.38337291271681;46371
50.5515941433978;115615.936593312;739;52.0003800379394;10.1980762929034;0.383412112700301;46371
50.5512785933702;115595.343856663;754;52.0018527011265;10.1982206978596;0.383454046524196;46371
50.5510396292388;115574.941727233;767;52.0032878358606;10.1983614209206;0.383496027059255;46371
50.5508655591928;115554.360195114;778;52.005010860356;10.1985303706324;0.383537641167403;46371
50.5507838107997;115533.024159688;791;52.0068528888688;10.1987109860873;0.383582304939281;46371
50.5506282240091;115511.662402762;806;52.008149314494;10.1988381019108;0.383621399804341;46371
50.5506125827979;115490.328151961;822;52.0093966937766;10.1989604071961;0.383666201234792;46371
50.550498708294;115468.136639343;835;52.0109710605045;10.1991147714402;0.383707895494369;46371
50.5504089756245;115446.425857359;852;52.0126621608704;10.199280578636;0.383750845471766;46371
50.5503805423745;115424.532727755;860;52.0143827015434;10.1994492695972;0.383792632239764;46371
50.5503156345373;115402.229556567;883;52.0163056018857;10.1996377976755;0.383835448503695;46371
50.5505395098192;115379.377453799;896;52.0186191054432;10.1998646172823;0.383883141860837;46371
50.5507182468105;115356.368285741;905;52.0208851413431;10.2000867781939;0.383934397754037;46371
50.5509413622081;115333.368406962;918;52.0223574118327;10.2002311161888;0.38398060550972;46371
50.551214136276;115310.339700134;929;52.0244722409277;10.2004384455697;0.384029018242378;46371
50.5515921174386;115287.598324001;940;52.0268552072188;10.2006720569989;0.384075444380737;46371
50.5519013161097;115264.080326116;957;52.0287393256762;10.2008567606526;0.384121686759909;46371
50.5522427757986;115240.298048274;969;52.0311994513798;10.2010979263391;0.384169574860396;46371
50.5525122409934;115216.206195018;983;52.0332380903823;10.2012977694392;0.384212681904768;46371
50.5528716418209;115191.548707661;996;52.0352399123859;10.201493999644;0.384256669118309;46371
50.5534768280384;115166.98365409;1012;52.0376861984881;10.2017337936733;0.384309887759362;46371
50.5540703823211;115142.238850024;1030;52.0401742682622;10.2019776777115;0.384359398213042;46371
50.5545961213951;115117.741400129;1049;52.0425289926424;10.2022084856802;0.38440748330542;46371
50.5550597578225;115092.206001699;1070;52.0445656698423;10.2024081147386;0.384454566331991;46371
50.5558106452355;115067.012050851;1081;52.0471155188192;10.2026580378663;0.384507544008237;46371
50.5566210606108;115041.783200788;1094;52.0492575357212;10.2028679826528;0.384560748907234;46371
50.5574354698519;115015.89973254;1106;52.0520489963795;10.20314157467;0.384611702853377;46371
50.5581619277004;114989.761368764;1124;52.0545349615742;10.2033852187962;0.384663505948297;46371
50.558968127764;114963.317444893;1139;52.0570053552242;10.2036273310254;0.384712318249361;46371
50.5596587180408;114936.871496769;1151;52.059578817772;10.2038795384669;0.384759979735694;46371
50.5607996841016;114910.615820174;1171;52.0626197503961;10.2041775514145;0.384814853264684;46371
50.5618166667139;114883.534957946;1192;52.0651152200647;10.2044221022128;0.384867790179507;46371
50.562677560012;114856.197630633;1203;52.0670108253937;10.2046078636461;0.38491851511638;46371
50.5638270938787;114828.455348708;1216;52.0698309831185;10.2048842211089;0.384972231262789;46371
50.5648185676274;114800.274323166;1242;52.0728648694599;10.2051815142564;0.385023460720432;46371
50.565891184066;114772.598701086;1266;52.0759387159899;10.2054827143051;0.385074351549379;46371
50.5671920331849;114743.986489844;1280;52.0787246501098;10.2057556947156;0.385131604854721;46371
50.5682618972507;114715.557483391;1296;52.0814198837165;10.2060197808662;0.385183862302052;46371
50.569452338781;114684.851174565;1323;52.0844983981343;10.2063214135294;0.385235316371024;46371
50.5709341747679;114655.800437143;1342;52.0884285277566;10.2067064744468;0.385336376705576;46371
50.5721550980021;114625.667796968;1355;52.0916063070663;10.2070178119827;0.385388306614617;46371
50.573654948209;114596.141735202;1376;52.0947371025173;10.2073245370682;0.385446863975311;46371
50.5749501961873;114565.361778378;1399;52.0977196225475;10.2076167269885;0.385501987662869;46371
50.5765809361654;114535.33373085;1419;52.1012033306743;10.2079580064452;0.385561185010049;46371
50.578189163451;114504.355706426;1439;52.104060627497;10.2082379113633;0.385621946788479;46371
50.5799627600468;114472.606243526;1455;52.1076494989676;10.2085894715154;0.385683279769525;46371
50.5811662727142;114441.467573604;1475;52.1078890228026;10.2086129344591;0.38573621264888;46371
50.582704693954;114409.397730671;1489;52.1106600061362;10.2088843666814;0.38579076633936;46371
50.5842398943261;114377.818427342;1506;52.113848759899;10.2091967127585;0.385844016491806;46371
50.5859017340004;114345.704069319;1522;52.1171274495125;10.2095178583038;0.385899314449499;46371
50.5879444618865;114313.933185486;1542;52.1210715720238;10.2099041691902;0.385962731681643;46371
50.5898885764146;114280.852108326;1558;52.1243666693769;10.2102268994746;0.386020444779735;46371
50.5916897419439;114246.729951691;1575;52.1273890344905;10.2105229086948;0.38608012725574;46371
50.5935799893339;114213.749398293;1601;52.1307731851624;10.2108543408632;0.386138826774463;46371
50.5952547167324;114180.236739947;1623;52.1339395044972;10.2111644296326;0.386192799501974;46371
50.5968187505215;114146.149530628;1642;52.1355710104589;10.2113242050636;0.386249336166722;46371
50.598964616408;114111.722704896;1660;52.1393822954273;10.2116974392534;0.386309959800043;46371
50.6012254882807;114076.677563135;1687;52.143461193095;10.2120968652961;0.386373041164836;46371
50.603500367114;114041.20172915;1709;52.1468053047023;10.2124243257615;0.386438020391248;46371
50.6059119793032;114006.439633928;1728;52.1504556597192;10.2127817620587;0.386500903059399;46371
50.6081614097673;113971.537008227;1750;52.1539529995702;10.213124203648;0.38656212624993;46371
50.6107084068809;113936.25849645;1774;52.1581403594247;10.2135341933559;0.386627084898673;46371
50.6127028316041;113900.04298392;1808;52.16116593461;10.2138304210135;0.386683743782957;46371
50.6152736740698;113863.635243202;1840;52.1652941623587;10.2142345931899;0.386748012064759;46371
50.617784081871;113826.394548866;1860;52.1690961999348;10.2146068157257;0.38681015538265;46371
50.6202496820982;113788.674570425;1892;52.1726493282504;10.2149546575842;0.386873171441955;46371
50.6227146334509;113750.031817236;1921;52.1766080083981;10.2153421879444;0.386935433964625;46371
50.6256044249722;113712.588879335;1946;52.181286667851;10.2158001808817;0.387006998300019;46371
50.6283702734292;113674.146881233;1967;52.1855792657543;10.216220364279;0.387074988752964;46371
50.6307303666977;113636.19190686;1996;52.1862577189664;10.2162867734776;0.387134674507198;46371
50.6334777135931;113597.337452184;2033;52.1905180522918;10.216703778841;0.387198392364671;46371
50.6366279125952;113558.83642394;2063;52.1952770113972;10.2171695700323;0.387269871837908;46371
50.6397847716295;113519.198978486;2085;52.1995893659534;10.2175916307076;0.387338676774854;46371
50.6430892908518;113478.979007754;2113;52.2044699130175;10.2180692807416;0.387410551798238;46371
50.6464323227471;113437.750402248;2140;52.2090227648197;10.218514839723;0.387483002269424;46371
50.6492845042507;113397.104470987;2167;52.2135870947773;10.2189615024989;0.38755388275365;46371
50.6523492275059;113354.467364013;2200;52.2180968336364;10.2194028038468;0.387623037507363;46371
50.6554734431734;113313.135156314;2228;52.2228119183571;10.2198641789759;0.387694202209355;46371
50.6591185542105;3538804.76799651;3105;52.2279732531002;10.2203691961788;0.387769199357039;46371
50.8158029883296;3484460.6032598;4231;52.4528262564916;10.242346045364;0.390220515047142;46371
51.0558715923436;3415919.70385649;5681;52.7632467244378;10.2726088920427;0.393191445555386;46371
51.3930747723463;3331504.20753038;7348;53.1721472778455;10.3123370074727;0.396702297759962;46371
51.825664311208;3228575.52098863;9389;53.6760898440105;10.3610896959741;0.40064273585205;46371
52.3592606049436;3105920.92526307;11897;54.2786510428105;10.4190835530588;0.405010094010568;46371
52.9773216970138;2961207.37444628;14630;54.9636673338497;10.4846237256136;0.409656333964596;46371
53.6656072000795;2793322.89641378;17715;55.7139116029016;10.5559378174468;0.414475603809351;46371
54.4031102580909;2601518.75774534;20975;56.5075203222732;10.6308532416051;0.419350290440277;46371
55.1620066794257;2384187.1150132;24453;57.3138081791493;10.7064287397011;0.424137089750806;46371
55.9191525199588;2142632.47584951;28153;58.1116406468338;10.7806902048833;0.42871921444711;46371
56.6380571867716;1880459.70017456;31620;58.8675347806936;10.8505792269992;0.432910362627856;46371
57.2731818057911;1598096.34337243;35198;59.5320309122523;10.9116479884802;0.436485988725565;46371
57.8287418333693;1317389.67751575;38467;60.1118123143375;10.9646534203629;0.439529552139652;46371
58.3200242137538;1110040.07195466;40541;60.6210425019619;11.0109983654491;0.442190334415572;46371
58.7097422934254;933357.39486254;42101;61.0198222307815;11.0471554918704;0.44441526952733;46371
59.0091012249934;784024.323079151;43208;61.3263507140257;11.0748680095092;0.446133424591489;46371
59.2369527329832;658294.601188342;44087;61.5560342452342;11.0955877938245;0.447438707777713;46371
59.4008225704154;551118.947153095;44784;61.7237788559324;11.1106956448219;0.448375882113291;46371
59.5219170561088;460143.904616911;45253;61.8452331471501;11.1216215676627;0.449059538674526;46371
59.6105540378711;384152.300960277;45579;61.9346608978079;11.1296595543447;0.449559905105992;46371
59.6535643556526;320735.747151193;45806;61.9766235299254;11.1334292587617;0.449819308529521;46371
59.6842259936198;267964.955127414;45981;62.0073453306166;11.136188336286;0.450001902357134;46371
59.689632659041;224138.924127281;46099;62.0059311813074;11.1360613487272;0.450074180370323;46371
59.6962914092688;187760.238987631;46176;62.0088592080658;11.1363242776121;0.450155451549129;46371
59.6957525704364;157056.346200806;46239;62.0062852024871;11.1360931392017;0.450171661431303;46371
59.6979755392389;131301.963423591;46282;62.0066693053607;11.1361276308563;0.45019083665384;46371
59.67479735988;109605.472895121;46307;61.976370128596;11.1334064983361;0.450125157173684;46371
59.677471785859;91501.0574579877;46316;61.9756241939526;11.1333394984571;0.450180230188292;46371
59.6673470667148;76706.2902927525;46318;61.9628010861206;11.1321876633589;0.450113226770652;46371
59.664257128687;64294.8395499456;46320;61.9572276093807;11.1316869888962;0.450110058630677;46371
59.6654540963411;54057.298998513;46323;61.9570772455491;11.1316734811572;0.450113188755417;46371
59.6606650409217;45909.7171372235;46322;61.9498107887879;11.1310206889384;0.450098186266425;46371
59.6501967298861;38804.316153398;46328;61.9371400259823;11.129882301802;0.450057161192633;46371
59.6436302204573;33062.261322434;46330;61.9278967973468;11.1290517832695;0.450027679497678;46371
59.6357015797679;28148.8708525609;46335;61.91831401469;11.1281906898372;0.449992564759566;46371
59.6204379211584;23931.7480162809;46341;61.8934658756784;11.1259575655921;0.449917441645401;46371
59.6068859899862;20179.2174986868;46344;61.8754125331999;11.1243348145586;0.449877990119128;46371
59.5974969204464;17259.109768174;46347;61.8616903182971;11.1231012148858;0.449834671537482;46371
59.5905402341009;14697.0729703305;46348;61.8496102735068;11.1220151297781;0.44981655075138;46371
59.5755561610714;12558.7457132868;46349;61.8383195311262;11.1209999128789;0.449784501330116;46371
59.575183475289;10639.7532122637;46352;61.8372020489675;11.1208994284606;0.449796341764792;46371
59.5685988755997;9244.68408100167;46350;61.8273760567373;11.1200158324291;0.449786204308243;46371
59.568383748128;8046.94301148558;46351;61.8262579962594;11.1199152871107;0.449800977318015;46371
59.566835902252;6995.21781822361;46353;61.8246490048735;11.1197705915971;0.449792957897201;46371
59.5646128398304;6013.81207215661;46357;61.8189836542607;11.119261095438;0.449787541240932;46371
59.5484348235583;5236.98504594494;46358;61.7980164191497;11.1173752674945;0.449750722826304;46371
59.5478627795605;4694.94160704884;46357;61.7968253186421;11.1172681283346;0.449759271626947;46371
59.5437330733127;4344.51280316476;46357;61.7911533313011;11.1167579204821;0.449755539430623;46371
59.5354805499879;3974.91626117316;46354;61.78197308003;11.1159320868769;0.449708697509454;46371
59.5239089714736;3599.59766491194;46357;61.7708007279312;11.1149269658357;0.449646547145191;46371
59.5213746828431;3254.63123027908;46359;61.766199008343;11.1145129455449;0.44966433754851;46371
59.4980449572425;2975.25152162332;46362;61.7401376019647;11.1121678894773;0.449562869257077;46371
59.491329655462;2555.54848490581;46364;61.7290690597069;11.1111717707636;0.449530392089845;46371
59.4896162731857;2300.85620441583;46363;61.7255617581011;11.1108561108585;0.449519082877411;46371
59.4914275499211;2174.47401990723;46360;61.7258045240313;11.1108779602722;0.449525942016117;46371
59.4868554788092;1979.97794473154;46361;61.7210233257468;11.1104476350637;0.449506030849348;46371
59.4877368411981;1814.19119085953;46361;61.7215353635485;11.1104937211223;0.449516479080705;46371
59.4910597278169;1955.21895777896;46360;61.7229746432364;11.110623262737;0.449539245234791;46371
59.4855232461921;1961.33462108481;46362;61.7159002378015;11.109986520046;0.449510828713771;46371
59.4730226959489;1935.55987795685;46367;61.7022365817658;11.1087565984466;0.449449816334124;46371
59.4589721981261;1826.3256847319;46368;61.6824754978181;11.1069775814862;0.449393857586354;46371
59.4505243831456;1767.50626705269;46371;61.6753028648178;11.1063317855013;0.449366197589165;46371
59.4464425771583;1809.63686120705;46372;61.6710149713207;11.1059457023093;0.44934832458074;46371
59.4398989338195;1785.97690872011;46371;61.6615422040671;11.1050927239773;0.449313190133385;46371
59.4426081431211;1805.97263126648;46370;61.663061304256;11.1052295162465;0.449322652479586;46371
59.4403492502582;1653.13902978753;46368;61.6607023123975;11.1050170925035;0.449300985291848;46371
59.4447724893114;1525.7805983636;46368;61.6651776054591;11.1054200825956;0.449319281392268;46371
59.4486813275536;1568.75033130351;46369;61.668932537652;11.105758194527;0.449347959893035;46371
59.4445088455225;1495.10016946877;46371;61.6618733896249;11.1051225467912;0.449334581863056;46371
59.443697395967;1567.3247965058;46374;61.660575802566;11.1050057003647;0.449327267917157;46371
59.4435017776835;1713.40114322398;46371;61.6600452043555;11.1049579201684;0.449341292776095;46371
59.4342479958714;1675.1518395372;46368;61.6505019686235;11.104098519792;0.449293048596532;46371
59.4293993563805;1698.65308536379;46367;61.6451222650255;11.1036140301278;0.449271511338096;46371
59.431398445734;1728.59450062703;46368;61.6465703975627;11.1037444492894;0.449284776358422;46371
59.4183664049826;1577.99078639091;46368;61.6237701314916;11.1016908740508;0.449243479474705;46371
59.4162029602599;1638.81086943586;46366;61.6217836101064;11.1015119339761;0.449225373443538;46371
59.4117445374577;1614.87009724891;46366;61.6170557623252;11.101086051583;0.449194686523878;46371
59.4094303791483;1601.91095480268;46365;61.6118459633977;11.1006167363257;0.449180802879646;46371
59.3998476603945;1508.34752016437;46364;61.6017707724304;11.0997090747848;0.449133904018536;46371
59.398878958757;1618.79144218647;46366;61.6027435842736;11.0997967174425;0.449122577097774;46371
59.3943412943073;1543.72039219077;46365;61.5975845211021;11.099331918733;0.449093135007824;46371
59.3914318141554;1488.49860297867;46365;61.5930634625113;11.0989245841668;0.449097558286147;46371
59.384761658501;1390.4885058165;46365;61.5855556616739;11.0982481195614;0.449065333500088;46371
59.3882816606368;1463.20326123803;46367;61.588678671905;11.0985295126791;0.449086998144738;46371
59.3824687156159;1541.69131619084;46368;61.5782382258998;11.0975887674665;0.449077231868776;46371
59.374638533884;1581.01065076068;46368;61.5695838233003;11.0968088947499;0.449023186821388;46371
59.3739271049975;1483.5705053439;46366;61.5677642831936;11.0966449238672;0.44901384647285;46371
59.3714034404469;1436.11074785685;46368;61.5649350879924;11.0963899614237;0.448999872228226;46371
59.3729878394778;1344.83710977025;46367;61.5679601480612;11.0966625746718;0.449042335900157;46371
59.3708179475991;1444.61905246044;46365;61.566646228144;11.0965441672751;0.449037005565748;46371
59.3701067200514;1456.27058414438;46367;61.5649724449192;11.096393328007;0.449030972625799;46371
59.3622962328126;1490.26986753205;46368;61.556445792614;11.0956248848466;0.448990445220493;46371
59.3546402924207;1603.28430405888;46369;61.5483399152487;11.0948943136245;0.448959566658765;46371
59.3432278882292;1547.35701688717;46368;61.5351303013516;11.0937036467856;0.448905256463306;46371
59.3397355403355;1478.63407580407;46368;61.5308174882248;11.0933148777293;0.448894305882977;46371
59.3397821526618;1562.33563985959;46368;61.5261331101256;11.0928925993291;0.448881602841162;46371
59.3356748645145;1543.50638770608;46369;61.5231729327364;11.0926257426036;0.448876193992225;46371
59.3268707699042;1552.7164873153;46370;61.5137754254401;11.0917785251456;0.448832693656615;46371
59.3234889944271;1595.98323028327;46370;61.5089437399169;11.0913429069628;0.448813803347177;46371
59.316950264546;3276.57481161092;46370;61.5012332441974;11.0906477037365;0.448787624175078;46371
59.3358286795091;1186.295827698;46371;61.521866430767;11.0925079608506;0.448890789897767;46371
59.3374339141926;59.3374339141926;46371;61.5239078502805;11.0926919952084;0.448899429377562;46371
59.3385637282068;59.3385637282068;46371;61.5249924381898;11.092789769773;0.448906033626584;46371
59.3385637282068;59.3385637282068;46371;61.5249924381898;11.092789769773;0.448906033626584;46371
59.3385637282068;59.3385637282068;46371;61.5249924381898;11.092789769773;0.448906033626584;46371
59.3385637282068;59.3385637282068;46371;61.5249924381898;11.092789769773;0.448906033626584;46371
59.3385637282068;59.3385637282068;46371;61.5249924381898;11.092789769773;0.448906033626584;46371
59.3385637282068;59.3385637282068;46371;61.5249924381898;11.092789769773;0.448906033626584;46371
59.3385637282068;59.3385637282068;46371;61.5249924381898;11.092789769773;0.448906033626584;46371
59.3385637282068;59.3385637282068;46371;61.5249924381898;11.092789769773;0.448906033626584;46371
59.3385637282068;59.3385637282068;46371;61.5249924381898;11.092789769773;0.448906033626584;46371
59.3385637282068;59.3385637282068;46371;61.5249924381898;11.092789769773;0.448906033626584;46371
59.3385637282068;59.3385637282068;46371;61.5249924381898;11.092789769773;0.448906033626584;46371
59.3385637282068;59.3385637282068;46371;61.5249924381898;11.092789769773;0.448906033626584;46371
59.3385637282068;59.3385637282068;46371;61.5249924381898;11.092789769773;0.448906033626584;46371
59.3385637282068;59.3385637282068;46371;61.5249924381898;11.092789769773;0.448906033626584;46371
59.3385637282068;59.3385637282068;46371;61.5249924381898;11.092789769773;0.448906033626584;46371
59.3385637282068;59.3385637282068;46371;61.5249924381898;11.092789769773;0.448906033626584;46371
59.3385637282068;59.3385637282068;46371;61.5249924381898;11.092789769773;0.448906033626584;46371
59.3385637282068;59.3385637282068;46371;61.5249924381898;11.092789769773;0.448906033626584;46371
59.3385637282068;59.3385637282068;46371;61.5249924381898;11.092789769773;0.448906033626584;46371
59.3385637282068;59.3385637282068;46371;61.5249924381898;11.092789769773;0.448906033626584;46371
59.3385637282068;59.3385637282068;46371;61.5249924381898;11.092789769773;0.448906033626584;46371
59.3385637282068;59.3385637282068;46371;61.5249924381898;11.092789769773;0.448906033626584;46371
59.3385637282068;59.3385637282068;46371;61.5249924381898;11.092789769773;0.448906033626584;46371
59.3385637282068;59.3385637282068;46371;61.5249924381898;11.092789769773;0.448906033626584;46371
59.3385637282068;59.3385637282068;46371;61.5249924381898;11.092789769773;0.448906033626584;46371
59.3385637282068;59.3385637282068;46371;61.5249924381898;11.092789769773;0.448906033626584;46371
59.3385637282068;59.3385637282068;46371;61.5249924381898;11.092789769773;0.448906033626584;46371
59.3385637282068;59.3385637282068;46371;61.5249924381898;11.092789769773;0.448906033626584;46371
59.3385637282068;59.3385637282068;46371;61.5249924381898;11.092789769773;0.448906033626584;46371
59.3385637282068;59.3385637282068;46371;61.5249924381898;11.092789769773;0.448906033626584;46371
59.3385637282068;59.3385637282068;46371;61.5249924381898;11.092789769773;0.448906033626584;46371
59.3385637282068;59.3385637282068;46371;61.5249924381898;11.092789769773;0.448906033626584;46371
59.3385637282068;59.3385637282068;46371;61.5249924381898;11.092789769773;0.448906033626584;46371
59.3385637282068;59.3385637282068;46371;61.5249924381898;11.092789769773;0.448906033626584;46371
59.3385637282068;59.3385637282068;46371;61.5249924381898;11.092789769773;0.448906033626584;46371
59.3385637282068;59.3385637282068;46371;61.5249924381898;11.092789769773;0.448906033626584;46371
59.3385637282068;59.3385637282068;46371;61.5249924381898;11.092789769773;0.448906033626584;46371
59.3385637282068;59.3385637282068;46371;61.5249924381898;11.092789769773;0.448906033626584;46371
59.3385637282068;59.3385637282068;46371;61.5249924381898;11.092789769773;0.448906033626584;46371
59.3385637282068;59.3385637282068;46371;61.5249924381898;11.092789769773;0.448906033626584;46371
59.3385637282068;59.3385637282068;46371;61.5249924381898;11.092789769773;0.448906033626584;46371
59.3385637282068;59.3385637282068;46371;61.5249924381898;11.092789769773;0.448906033626584;46371
59.3385637282068;59.3385637282068;46371;61.5249924381898;11.092789769773;0.448906033626584;46371
59.3385637282068;59.3385637282068;46371;61.5249924381898;11.092789769773;0.448906033626584;46371
59.3385637282068;59.3385637282068;46371;61.5249924381898;11.092789769773;0.448906033626584;46371
59.3385637282068;59.3385637282068;46371;61.5249924381898;11.092789769773;0.448906033626584;46371
59.3385637282068;59.3385637282068;46371;61.5249924381898;11.092789769773;0.448906033626584;46371
59.3385637282068;59.3385637282068;46371;61.5249924381898;11.092789769773;0.448906033626584;46371
59.3385637282068;59.3385637282068;46371;61.5249924381898;11.092789769773;0.448906033626584;46371
59.3385637282068;59.3385637282068;46371;61.5249924381898;11.092789769773;0.448906033626584;46371
59.3385637282068;59.3385637282068;46371;61.5249924381898;11.092789769773;0.448906033626584;46371
59.3385637282068;59.3385637282068;46371;61.5249924381898;11.092789769773;0.448906033626584;46371
59.3385637282068;59.3385637282068;46371;61.5249924381898;11.092789769773;0.448906033626584;46371
59.3385637282068;59.3385637282068;46371;61.5249924381898;11.092789769773;0.448906033626584;46371
59.3385637282068;59.3385637282068;46371;61.5249924381898;11.092789769773;0.448906033626584;46371
59.3385637282068;59.3385637282068;46371;61.5249924381898;11.092789769773;0.448906033626584;46371
59.3385637282068;59.3385637282068;46371;61.5249924381898;11.092789769773;0.448906033626584;46371
59.3385637282068;59.3385637282068;46371;61.5249924381898;11.092789769773;0.448906033626584;46371
59.3385637282068;59.3385637282068;46371;61.5249924381898;11.092789769773;0.448906033626584;46371
59.3385637282068;59.3385637282068;46371;61.5249924381898;11.092789769773;0.448906033626584;46371
59.3385637282068;59.3385637282068;46371;61.5249924381898;11.092789769773;0.448906033626584;46371
59.3385637282068;59.3385637282068;46371;61.5249924381898;11.092789769773;0.448906033626584;46371
59.3385637282068;59.3385637282068;46371;61.5249924381898;11.092789769773;0.448906033626584;46371
59.3385637282068;59.3385637282068;46371;61.5249924381898;11.092789769773;0.448906033626584;46371
59.3385637282068;59.3385637282068;46371;61.5249924381898;11.092789769773;0.448906033626584;46371
59.3385637282068;59.3385637282068;46371;61.5249924381898;11.092789769773;0.448906033626584;46371
59.3385637282068;59.3385637282068;46371;61.5249924381898;11.092789769773;0.448906033626584;46371
59.3385637282068;59.3385637282068;46371;61.5249924381898;11.092789769773;0.448906033626584;46371
59.3385637282068;59.3385637282068;46371;61.5249924381898;11.092789769773;0.448906033626584;46371
59.3385637282068;59.3385637282068;46371;61.5249924381898;11.092789769773;0.448906033626584;46371
59.3385637282068;59.3385637282068;46371;61.5249924381898;11.092789769773;0.448906033626584;46371
59.3385637282068;59.3385637282068;46371;61.5249924381898;11.092789769773;0.448906033626584;46371
59.3385637282068;59.3385637282068;46371;61.5249924381898;11.092789769773;0.448906033626584;46371
59.3385637282068;59.3385637282068;46372;61.5249924381898;11.092789769773;0.448906033626584;46371
59.3210806359932;59.3210806359932;46372;61.5054249990883;11.0910256513172;0.448821885625402;46371
59.3210806359932;59.3210806359932;46372;61.5054249990883;11.0910256513172;0.448821885625402;46371
59.3210806359932;59.3210806359932;46372;61.5054249990883;11.0910256513172;0.448821885625402;46371
59.3210806359932;59.3210806359932;46372;61.5054249990883;11.0910256513172;0.448821885625402;46371
59.3210806359932;59.3210806359932;46371;61.5054249990883;11.0910256513172;0.448821885625402;46371
59.3155556670104;59.3155556670104;46371;61.5028742690097;11.0907956674902;0.448790134376128;46371
59.3155556670104;59.3155556670104;46371;61.5028742690097;11.0907956674902;0.448790134376128;46371
59.3155556670104;59.3155556670104;46371;61.5028742690097;11.0907956674902;0.448790134376128;46371
59.3155556670104;59.3155556670104;46371;61.5028742690097;11.0907956674902;0.448790134376128;46371
59.3155556670104;59.3155556670104;46371;61.5028742690097;11.0907956674902;0.448790134376128;46371
59.3155556670104;59.3155556670104;46371;61.5028742690097;11.0907956674902;0.448790134376128;46371
59.3155556670104;59.3155556670104;46371;61.5028742690097;11.0907956674902;0.448790134376128;46371
59.3155556670104;59.3155556670104;46371;61.5028742690097;11.0907956674902;0.448790134376128;46371
59.3155556670104;59.3155556670104;46371;61.5028742690097;11.0907956674902;0.448790134376128;46371
59.3155556670104;59.3155556670104;46371;61.5028742690097;11.0907956674902;0.448790134376128;46371
59.3155556670104;59.3155556670104;46371;61.5028742690097;11.0907956674902;0.448790134376128;46371
59.3155556670104;59.3155556670104;46371;61.5028742690097;11.0907956674902;0.448790134376128;46371
59.3155556670104;59.3155556670104;46371;61.5028742690097;11.0907956674902;0.448790134376128;46371
59.3155556670104;59.3155556670104;46371;61.5028742690097;11.0907956674902;0.448790134376128;46371
59.3155556670104;59.3155556670104;46371;61.5028742690097;11.0907956674902;0.448790134376128;46371
59.3155556670104;59.3155556670104;46371;61.5028742690097;11.0907956674902;0.448790134376128;46371
59.3155556670104;59.3155556670104;46371;61.5028742690097;11.0907956674902;0.448790134376128;46371
59.3155556670104;59.3155556670104;46371;61.5028742690097;11.0907956674902;0.448790134376128;46371
