of_list;of_round_list;rr_round_list;of_val_list;of_round_val_list;RMSE_val_list;RMSE_round_val_list;Var10
363.7815746;341.5294126;52396;255.1577757;247.5365679;22.59016493;22.25023901;15719
341.5294126;NaN;0;247.5365679;NaN;22.25023901;NaN;15719
356.4212851;12653.76441;5;254.5295997;12566.3882;22.56234029;158.5332028;15719
353.4729458;25471.3757;7;253.7242092;25264.10461;22.52661578;224.7848065;15719
352.2338364;25253.88505;8;252.6555567;25063.63492;22.47912617;223.8912009;15719
351.4706399;27062.94493;12;252.228407;26933.7549;22.46011607;232.0937522;15719
347.2855941;29620.286;15;251.6667302;29547.89952;22.43509439;243.0962753;15719
345.2167606;28372.53798;18;250.1095782;28297.91753;22.36557972;237.8987917;15719
344.5401815;22314.96402;20;250.2460248;22212.58512;22.37167964;210.7727929;15719
342.9237738;16028.68771;22;249.8446922;15913.80552;22.35373312;178.4029457;15719
339.9402784;15903.33599;23;249.0266939;15792.2479;22.31710976;177.720274;15719
339.6584788;50194.33099;24;249.0645726;50133.44773;22.31880699;316.6494836;15719
339.0001089;48520.0889;26;248.5888146;48394.73274;22.29748033;311.1100536;15719
337.13183;46794.81068;28;248.1803052;46706.29159;22.27915192;305.6347218;15719
336.7603091;36682.21108;30;248.2415561;36646.99234;22.281901;270.7286182;15719
335.1082021;23575.85988;33;247.2827452;23558.86157;22.23882844;217.0661723;15719
335.0839383;26493.36085;31;247.1538737;26473.65473;22.2330328;230.1028237;15719
334.0365583;26282.03383;32;247.0822627;26270.69917;22.22981164;229.2191055;15719
332.6967481;26235.12321;33;246.8002617;26220.22706;22.2171223;228.9988081;15719
330.2700605;26133.37442;34;246.6418875;26131.81868;22.20999268;228.6124173;15719
328.7088287;3430.184637;115;246.150137;3457.258811;22.18784068;83.15357853;15719
335.3098819;353.8303417;52397;245.6280052;248.4411844;22.16429585;22.29085842;15719
346.3720277;353.8303417;52397;246.6397925;248.4411844;22.20989836;22.29085842;15719
353.8303417;NaN;0;248.4411844;NaN;22.29085842;NaN;15719
361.7385047;707.554111;2;254.6166935;773.9754895;22.5662001;39.34400817;15719
358.9242655;1013.472731;4;253.6739043;1056.548858;22.52438254;45.96844262;15719
356.6309911;8360.873781;6;252.4958673;8742.555174;22.47202115;132.231276;15719
355.333019;8771.729657;8;251.6490911;8686.379928;22.43430815;131.8057656;15719
354.703415;7114.458838;13;251.5559971;7134.941219;22.43015814;119.4566132;15719
352.9257853;7083.951159;14;248.7831139;7003.145085;22.30619259;118.3481735;15719
352.415021;6804.782651;15;248.6000273;6671.71391;22.2979832;115.513756;15719
351.4271704;6717.542621;16;246.8195925;6590.573574;22.21799237;114.8091771;15719
350.9702871;5420.6071;20;246.7851943;5227.609029;22.2164441;102.2507607;15719
346.2642149;6031.607154;22;244.6738028;5831.042125;22.12120262;107.9911304;15719
344.5742712;2170.184851;25;243.7213749;2067.088529;22.07810567;64.29756651;15719
343.2564437;2170.184851;25;243.5771302;2067.088529;22.07157132;64.29756651;15719
343.0454224;6078.056625;26;243.5939318;7572.662253;22.07233254;123.0663419;15719
340.254295;6078.056625;26;243.5560936;7572.662253;22.07061819;123.0663419;15719
339.2658643;5969.734356;27;243.7850916;7442.344114;22.08099144;122.0028206;15719
338.9643855;6006.129739;28;243.6118432;7533.289659;22.07314401;122.7459951;15719
337.969943;8994.458327;29;243.5283406;11076.41732;22.06936069;148.8382835;15719
337.8015184;8273.849149;31;243.5264358;9826.866219;22.06927438;140.1917702;15719
336.9246844;8317.597142;32;243.3985504;9880.714068;22.06347889;140.5753468;15719
335.9324833;8043.599787;34;243.2601734;9600.777087;22.05720623;138.5696726;15719
334.3977971;10273.18165;35;242.9134745;11889.0441;22.04148246;154.2014533;15719
333.7556166;10273.18165;35;242.8134472;11889.0441;22.03694385;154.2014533;15719
333.6959922;10136.54206;36;242.7927081;11741.94267;22.03600273;153.2445279;15719
332.217589;10315.35237;37;242.2162398;11889.71675;22.00982688;154.2058154;15719
331.7693223;10315.35237;37;241.9882338;11889.71675;21.99946517;154.2058154;15719
331.2524812;8618.87046;38;241.8395502;9597.630502;21.99270562;138.5469632;15719
330.9440066;8618.87046;38;241.6616675;9597.630502;21.98461587;138.5469632;15719
330.8793034;7761.514539;39;241.6657194;8593.960271;21.98480018;131.1027099;15719
330.4801493;6920.675347;40;240.452682;7523.166858;21.92955458;122.6634979;15719
329.9601184;6248.245039;41;240.4377359;6839.267583;21.92887302;116.9552699;15719
329.5906313;332.8592377;52309;240.2141556;241.2533984;21.91867494;21.96603735;15719
340.6484967;11362.01819;42;242.7549513;11886.56901;22.03428925;154.1854014;15719
330.3356504;11362.01819;42;241.8224745;11886.56901;21.99192918;154.1854014;15719
330.0196353;10877.49439;43;241.9075827;11342.31758;21.99579881;150.6141931;15719
329.5224568;10657.87382;45;241.5835214;11105.09782;21.981061;149.0308547;15719
329.3730447;11197.59678;46;241.3179234;11628.4446;21.96897464;152.5020957;15719
329.1688915;11197.59678;46;241.1899142;11628.4446;21.96314705;152.5020957;15719
329.0559527;1853.967062;242;241.1957626;1832.88312;21.96341333;60.54557159;15719
336.1257776;10738.35261;48;241.2806001;11273.15132;21.96727567;150.1542628;15719
328.3632459;10738.35261;48;240.7528178;11273.15132;21.94323667;150.1542628;15719
327.9421355;10738.35261;48;240.6116702;11273.15132;21.93680333;150.1542628;15719
327.8462518;10738.35261;48;240.4962699;11273.15132;21.93154212;150.1542628;15719
327.5598006;10835.66632;49;239.8295446;11376.78087;21.90112073;150.8428379;15719
327.4508418;11160.21387;50;239.8029809;11670.19785;21.89990781;152.7756385;15719
319.9254171;11135.45891;52;239.0661889;11644.69195;21.86623831;152.6085971;15719
319.4298371;4962.216331;120;238.4042763;5578.147214;21.83594634;105.6233612;15719
324.5110326;11197.59094;53;238.5540666;11712.7386;21.84280506;153.0538376;15719
319.8991054;11197.59094;53;238.1561115;11712.7386;21.82457841;153.0538376;15719
319.7336059;11197.59094;53;238.3868738;11712.7386;21.83514936;153.0538376;15719
319.0214962;11197.59094;53;238.3381876;11712.7386;21.83291953;153.0538376;15719
315.0387373;9456.002467;54;237.8047004;9979.734003;21.80847085;141.2779813;15719
314.6027501;10027.79024;55;236.6235942;10710.76104;21.75424529;146.3609309;15719
313.1558583;10210.07855;56;237.225057;10900.35401;21.78187581;147.6506283;15719
313.0615075;10210.07855;56;236.9612144;10900.35401;21.7697595;147.6506283;15719
312.6935341;321.7649727;52346;236.0607487;240.154625;21.72835699;21.9159588;15719
332.4418506;9809.811673;57;240.3519427;10477.82454;21.92496033;144.7606614;15719
317.2474543;9771.538103;58;239.8366941;10438.65898;21.90144717;144.4898542;15719
316.6836847;9771.538103;58;239.5075174;10438.65898;21.8864121;144.4898542;15719
316.5730716;9779.504728;59;239.3470546;10459.21338;21.87907926;144.6320392;15719
315.934142;9779.504728;59;237.5787936;10459.21338;21.79810972;144.6320392;15719
315.7987678;9779.504728;59;237.3298014;10459.21338;21.78668407;144.6320392;15719
315.5207187;9779.504728;59;236.7260689;10459.21338;21.75895535;144.6320392;15719
315.4424751;9061.505651;61;236.7544419;9768.784583;21.76025928;139.7768549;15719
315.3125036;9061.505651;61;236.4065313;9768.784583;21.74426505;139.7768549;15719
315.0828397;309.3928448;51732;236.4475679;225.7207928;21.74615221;21.24715476;15719
324.3881942;8868.280474;63;237.2444802;9538.92129;21.78276751;138.1225636;15719
314.8134302;5959.757208;146;237.2102038;6170.372582;21.7811939;111.0889066;15719
318.60384;7912.770957;64;235.9154731;8558.96543;21.72166997;130.8355107;15719
314.3989327;8281.046971;65;236.3705751;8910.734901;21.74261139;133.4970779;15719
314.3363408;8372.958437;66;236.3540425;8955.430835;21.741851;133.8314674;15719
314.041072;353.8303417;52397;236.1951234;248.4411844;21.73454041;22.29085842;15719
335.5621279;NaN;0;241.2332139;NaN;21.96511843;NaN;15719
318.5674041;320.0977993;52342;241.6814512;239.3197678;21.98551574;21.87783206;15719
333.9285299;7946.232028;2;240.9602349;10047.82738;21.95268707;141.7591435;15719
318.1792696;7946.232028;2;241.0998819;10047.82738;21.95904742;141.7591435;15719
318.150504;10996.44216;3;241.0981123;11015.91482;21.95896684;148.4312287;15719
317.7126733;10996.44216;3;240.8588613;11015.91482;21.94806877;148.4312287;15719
317.6774722;7867.152323;4;240.8624947;8623.47669;21.94823431;131.3276566;15719
317.4666723;7867.152323;4;240.8819759;8623.47669;21.94912189;131.3276566;15719
317.4032688;8065.483037;5;240.7171382;9048.780268;21.94161062;134.527174;15719
317.2920831;10107.4907;7;240.5251184;10256.84349;21.93285747;143.2259996;15719
316.9887394;2654.49506;353;239.932784;2625.828794;21.90583411;72.46832127;15719
324.1540963;634.0220506;1450;238.8185318;516.8328481;21.85490937;32.15067179;15719
325.4768187;8300.415562;9;238.8980221;8861.061894;21.85854625;133.1244673;15719
316.7513851;8305.617328;11;240.0041858;9083.55138;21.90909335;134.7853952;15719
316.4902435;9116.052967;13;239.5300341;10083.80934;21.88744088;142.0127412;15719
313.2930971;312.9591129;52243;239.3084691;231.5764574;21.87731561;21.52098777;15719
325.4487354;7224.009588;15;238.4548551;7733.83095;21.83826253;124.3690552;15719
314.3096164;308.3259537;51944;238.8472035;223.3160866;21.85622124;21.13367391;15719
322.6048944;318.7170726;52335;237.778183;238.5628215;21.80725489;21.84320588;15719
330.3221557;353.8303417;52397;239.1984693;248.4411844;21.872287;22.29085842;15719
353.8303417;353.8303417;52397;248.4411844;248.4411844;22.29085842;22.29085842;15719
353.8303417;353.8303417;52397;248.4411844;248.4411844;22.29085842;22.29085842;15719
353.8303417;353.8303417;52397;248.4411844;248.4411844;22.29085842;22.29085842;15719
353.8303417;353.8303417;52397;248.4411844;248.4411844;22.29085842;22.29085842;15719
353.8303417;472.3800306;1;248.4411844;521.5041322;22.29085842;32.29563847;15719
359.6750377;58078.4991;7;254.1803725;63145.04075;22.54685665;355.3731581;15719
358.596924;78252.28443;8;254.023026;78335.36125;22.53987693;395.8165263;15719
358.337893;77947.68192;10;254.0136882;78062.89255;22.53946265;395.1275555;15719
357.1697488;60531.46233;12;253.5773992;60058.95696;22.52009766;346.5803138;15719
355.7853944;81048.78513;16;252.6666382;80371.54317;22.47961913;400.927782;15719
353.380552;51973.68868;17;251.2157146;51630.79115;22.41498225;321.3434025;15719
351.4735969;52375.62436;20;250.6295237;52058.7508;22.38881523;322.672437;15719
347.4775148;52375.62436;20;251.4079386;52058.7508;22.4235563;322.672437;15719
346.5610963;36413.2013;24;251.2270671;36333.26295;22.41548871;269.5672938;15719
344.8299245;33541.59502;25;250.6654658;33389.58799;22.39042053;258.4166712;15719
343.1624222;33541.59502;25;250.919173;33389.58799;22.40174873;258.4166712;15719
343.0367273;28856.94587;27;250.899908;28748.22221;22.40088873;239.7841621;15719
342.0213201;28856.94587;27;250.5411034;28748.22221;22.38486557;239.7841621;15719
340.7537198;28856.94587;27;250.3132666;28748.22221;22.3746851;239.7841621;15719
340.7047737;27451.32191;28;250.3370875;27335.81841;22.37574971;233.8196673;15719
340.1867584;30013.08651;30;249.9361772;29878.87681;22.35782535;244.4539908;15719
338.9251873;30013.08651;30;249.5937611;29878.87681;22.34250483;244.4539908;15719
338.5242101;30013.08651;30;249.2718201;29878.87681;22.32809083;244.4539908;15719
337.9763015;30187.40917;31;248.8621949;30050.13797;22.30973755;245.1535762;15719
337.7148343;30187.40917;31;248.8643232;30050.13797;22.30983295;245.1535762;15719
337.0193616;25372.13662;34;248.4096887;25220.72404;22.28944542;224.5917364;15719
335.5160523;19495.07379;39;247.4704186;19317.48951;22.24726584;196.5578262;15719
333.0448839;19000.09565;44;242.091064;18838.37266;22.00413888;194.1049853;15719
326.8234856;19000.09565;44;241.9734227;18838.37266;21.99879191;194.1049853;15719
326.639025;19000.09565;44;241.8942899;18838.37266;21.99519447;194.1049853;15719
326.2039362;20749.44756;45;241.8476556;20569.50003;21.99307417;202.8275131;15719
325.8064417;20749.44756;45;241.5820373;20569.50003;21.98099349;202.8275131;15719
325.7302678;20498.62958;46;241.547666;20312.78264;21.97942975;201.557846;15719
323.9404532;20498.62958;46;241.1211657;20312.78264;21.96001665;201.557846;15719
323.6338775;20498.62958;46;241.1608105;20312.78264;21.9618219;201.557846;15719
323.5272608;20482.59907;47;241.0854852;20296.87205;21.9583918;201.4788925;15719
323.0728289;20482.59907;47;240.7494827;20296.87205;21.94308468;201.4788925;15719
323.0276259;20704.53984;48;240.7286953;20516.90326;21.94213733;202.5680293;15719
322.3758388;20578.1229;50;240.3031229;20393.77488;21.92273354;201.9592775;15719
321.8722115;333.5146575;52302;240.0272899;237.8295297;21.91014787;21.80960934;15719
335.4343144;353.8303417;52397;242.0241059;248.4411844;22.00109569;22.29085842;15719
353.8303417;353.8303417;52397;248.4411844;248.4411844;22.29085842;22.29085842;15719
353.8303417;353.8303417;52397;248.4411844;248.4411844;22.29085842;22.29085842;15719
353.8303417;NaN;0;248.4411844;NaN;22.29085842;NaN;15719
361.8412939;78906.18766;2;254.5998918;94906.51898;22.56545554;435.6753814;15719
360.5105524;106346.2183;6;253.7692151;112834.3704;22.52861359;475.0460407;15719
357.3906465;90816.62835;9;252.1038657;94582.18833;22.45457039;434.9303124;15719
356.5520112;93707.3146;11;250.8508537;96568.95683;22.39869879;439.4745882;15719
353.4728152;96788.02428;13;250.2725456;97883.34058;22.37286507;442.4552872;15719
342.6885138;96788.02428;13;250.8269423;97883.34058;22.39763123;442.4552872;15719
341.9336124;42714.1486;17;250.5945603;44234.72411;22.38725353;297.4381419;15719
340.4907185;42714.1486;17;250.1880346;44234.72411;22.36908736;297.4381419;15719
339.6726162;31774.91475;19;250.0578182;32994.35535;22.36326533;256.8826789;15719
339.3708761;31774.91475;19;250.0536029;32994.35535;22.36307684;256.8826789;15719
338.7785082;30249.23882;21;249.955633;32183.75926;22.35869553;253.7075453;15719
338.1673455;30249.23882;21;249.2469517;32183.75926;22.32697703;253.7075453;15719
337.9674294;30249.23882;21;249.1629352;32183.75926;22.32321371;253.7075453;15719
336.8885264;30300.78699;22;249.0255452;32368.33664;22.31705828;254.4340254;15719
335.8122309;28989.43772;24;248.8261052;31670.69014;22.30811983;251.677135;15719
335.4728809;30780.71839;25;247.8410192;33214.50468;22.26391786;257.7382575;15719
334.812928;28842.78394;27;247.1545728;30588.76311;22.23306424;247.3409109;15719
334.3803238;24168.4035;28;246.7215077;25799.72151;22.21357728;227.1551078;15719
333.8689379;20884.34331;30;246.7969658;22436.69944;22.21697395;211.8334225;15719
332.8006563;20099.4874;31;246.6925761;21514.357;22.21227481;207.4336376;15719
331.8280525;20209.87525;32;246.3108695;21638.84575;22.19508367;208.0329097;15719
331.5068774;20209.87525;32;246.1450766;21638.84575;22.18761261;208.0329097;15719
330.9332479;20556.4338;33;245.8919142;21819.43349;22.17619959;208.899179;15719
330.7728336;18849.95945;36;245.8683574;20236.35375;22.17513731;201.1782978;15719
326.7958561;21066.99492;37;245.0259929;22462.27428;22.13711783;211.954119;15719
326.540367;21036.94335;38;244.973442;22430.36636;22.13474382;211.8035239;15719
326.2348096;20717.93039;39;244.7425634;22167.16304;22.12431076;210.5571801;15719
326.0379877;20717.93039;39;244.3578593;22167.16304;22.10691563;210.5571801;15719
325.3687989;21287.84254;40;244.1858712;22977.70127;22.09913443;214.3721123;15719
325.1963936;21225.88779;41;243.968247;22825.92415;22.0892846;213.6629315;15719
323.5897893;21225.88779;41;243.9207306;22825.92415;22.08713339;213.6629315;15719
323.4324549;21225.88779;41;243.7789804;22825.92415;22.08071468;213.6629315;15719
323.1169965;21225.88779;41;242.8896419;22825.92415;22.04040117;213.6629315;15719
322.9501068;18857.77343;43;242.6713727;20961.87153;22.0304958;204.7528829;15719
322.3084708;18857.77343;43;242.1537554;20961.87153;22.00698777;204.7528829;15719
321.8294617;17178.52446;44;242.0080493;19492.77385;22.00036587;197.4475822;15719
321.3319841;353.8303417;52397;241.7682932;248.4411844;21.98946535;22.29085842;15719
353.8303417;353.8303417;52397;248.4411844;248.4411844;22.29085842;22.29085842;15719
353.8303417;353.8303417;52397;248.4411844;248.4411844;22.29085842;22.29085842;15719
353.8303417;353.8303417;52397;248.4411844;248.4411844;22.29085842;22.29085842;15719
353.8303417;353.8303417;52397;248.4411844;248.4411844;22.29085842;22.29085842;15719
353.8303417;353.8303417;52397;248.4411844;248.4411844;22.29085842;22.29085842;15719
353.8303417;353.8303417;52397;248.4411844;248.4411844;22.29085842;22.29085842;15719
353.8303417;472.3800306;1;248.4411844;521.5041322;22.29085842;32.29563847;15719
359.8515072;472.3800306;3;254.5214792;521.5041322;22.56198037;32.29563847;15719
358.5843097;581.1114954;5;254.0443713;682.6119451;22.54082391;36.94893625;15719
357.5759866;480.4529741;7;253.9169827;530.7091572;22.53517174;32.5794155;15719
356.524389;480.4529741;7;253.8804609;530.7091572;22.53355102;32.5794155;15719
355.5408106;93921.16877;10;253.5181739;95284.29453;22.51746761;436.5416235;15719
354.6713611;91464.74395;13;252.7851132;91983.9052;22.48488885;428.914689;15719
353.4232114;90557.69693;15;252.037139;91018.89568;22.45159856;426.65887;15719
352.3131784;90246.07353;16;251.7786946;90796.314;22.44008443;426.1368653;15719
350.7550695;93181.09664;18;251.1303398;94207.15323;22.4111731;434.0671681;15719
349.351086;37301.90153;21;251.0193286;37223.19557;22.40621917;272.8486598;15719
348.6406785;38020.34773;23;250.8278605;37903.51945;22.39767222;275.3307809;15719
346.4127852;37809.19158;24;250.1165955;37715.03717;22.36589348;274.645361;15719
345.532957;23889.6343;27;250.006279;23853.97502;22.36096058;218.4214963;15719
344.0300931;21503.70785;28;249.539456;21471.07072;22.34007413;207.2248572;15719
343.1195577;21503.70785;28;249.4105933;21471.07072;22.33430515;207.2248572;15719
342.5628587;21503.70785;28;249.4965682;21471.07072;22.33815427;207.2248572;15719
342.0700905;28960.50867;29;249.1274477;28877.38789;22.32162394;240.3222332;15719
341.5075263;24630.42161;31;248.9163304;24582.73923;22.31216397;221.7328989;15719
339.8249451;22967.79708;32;248.4904413;22902.28386;22.29306804;214.0200171;15719
339.2269789;22967.79708;32;247.3393112;22902.28386;22.24137186;214.0200171;15719
338.6265451;22967.79708;32;247.2361731;22902.28386;22.23673416;214.0200171;15719
338.3769248;22642.91911;34;247.0886455;22584.60437;22.23009876;212.5304889;15719
335.8835919;3256.629944;108;246.6067903;3290.921424;22.20841239;81.12855754;15719
340.6609175;17099.04661;37;246.1059783;17098.43492;22.18585037;184.9239569;15719
335.9650236;26551.09823;41;246.6119607;26510.40425;22.2086452;230.2624774;15719
333.6662253;26779.83437;42;244.4183675;26736.95496;22.10965253;231.2442646;15719
332.8504715;26779.83437;42;244.4181887;26736.95496;22.10964444;231.2442646;15719
332.2866773;26177.41896;44;244.2671391;26064.91575;22.10281154;228.319582;15719
330.4441264;26177.41896;44;241.3042678;26064.91575;21.96835305;228.319582;15719
330.2157076;27127.56367;45;241.1798648;27081.68785;21.96268949;232.7302638;15719
327.8692542;27215.62563;46;242.0952998;27179.39501;22.00433138;233.1497159;15719
327.5630446;27354.90575;47;242.042705;27316.55304;22.00194105;233.7372586;15719
327.3429077;27354.90575;47;241.9196811;27316.55304;21.99634884;233.7372586;15719
327.2580912;27354.90575;47;241.8674646;27316.55304;21.99397484;233.7372586;15719
326.7830522;22080.66095;48;241.5624582;22093.96523;21.98010274;210.209254;15719
326.4526489;22080.66095;48;241.5297101;22093.96523;21.97861279;210.209254;15719
326.3395569;353.8303417;52397;241.4032263;248.4411844;21.97285718;22.29085842;15719
343.5072317;7421.488819;2;244.0844534;7734.220726;22.09454473;124.3721892;15719
332.3457823;20020.38934;4;245.0856937;20791.71226;22.13981453;203.9201425;15719
331.0245316;10101.56329;5;242.9982357;13417.75326;22.04532766;163.8154648;15719
330.6328017;28568.29527;9;243.0670083;33137.94213;22.04844703;257.4410307;15719
329.2424817;49081.60588;12;243.0895358;50382.91198;22.04946874;317.4363306;15719
328.4629097;49081.60588;12;241.045187;50382.91198;21.95655652;317.4363306;15719
328.4376456;49081.60588;12;241.0318421;50382.91198;21.95594872;317.4363306;15719
328.1817853;41802.87171;13;241.0203001;43084.57825;21.95542303;293.5458337;15719
327.8728532;41802.87171;13;240.9114677;43084.57825;21.95046549;293.5458337;15719
327.2908155;46471.14532;15;240.6380567;46830.93693;21.93800614;306.0422746;15719
326.9398606;46471.14532;15;240.8914046;46830.93693;21.94955146;306.0422746;15719
326.8249899;46471.14532;15;240.832178;46830.93693;21.94685299;306.0422746;15719
326.4645424;31993.8837;16;240.9161409;33097.64061;21.95067839;257.2844364;15719
326.1657052;31993.8837;16;240.6396724;33097.64061;21.93807979;257.2844364;15719
326.0131449;35463.25769;18;240.568608;36287.55274;21.93484023;269.3976716;15719
325.8021999;34443.75616;19;240.4410494;36419.40076;21.92902412;269.8866457;15719
325.7152997;1478.484697;534;240.4060357;1409.230672;21.92742738;53.08918292;15719
333.9100955;35649.06288;20;240.4825196;36830.12216;21.93091515;271.4042084;15719
325.3124315;35649.06288;20;240.5322082;36830.12216;21.93318072;271.4042084;15719
324.8730692;328.5799507;52246;240.6089452;236.5680495;21.93667911;21.75169186;15719
336.1173695;30351.42614;23;240.8253726;30827.60545;21.9465429;248.3046735;15719
324.6618947;29351.39206;24;240.9141559;29664.45789;21.95058796;243.5752774;15719
324.5916886;28031.49257;28;240.8718212;29527.73175;21.94865924;243.013299;15719
323.4669093;28031.49257;28;241.1911488;29527.73175;21.96320327;243.013299;15719
323.2462586;11989.34156;110;240.8667952;11950.1746;21.94843025;154.5973777;15719
326.5833171;25340.65655;32;240.2031628;26073.16393;21.91817341;228.3557047;15719
322.3410643;353.8303417;52397;239.8141912;248.4411844;21.90041968;22.29085842;15719
344.4155894;353.8303417;52397;244.1422019;248.4411844;22.09715827;22.29085842;15719
353.8303417;353.8303417;52397;248.4411844;248.4411844;22.29085842;22.29085842;15719
353.8303417;353.8303417;52397;248.4411844;248.4411844;22.29085842;22.29085842;15719
353.8303417;353.8303417;52397;248.4411844;248.4411844;22.29085842;22.29085842;15719
353.8303417;NaN;0;248.4411844;NaN;22.29085842;NaN;15719
362.8151997;28452.44296;7;254.9042647;28241.88364;22.57893995;237.6631382;15719
359.8814562;41448.4243;9;253.8905491;41099.83479;22.53399872;286.7048475;15719
356.9973802;22586.4879;10;252.3952696;22452.15843;22.46754413;211.906387;15719
355.7550531;23796.13609;12;251.8199908;23639.81201;22.44192464;217.4387823;15719
354.3337312;25163.83483;14;251.211191;25008.47596;22.41478043;223.6447002;15719
353.2560229;25352.79733;15;250.9763993;25201.01696;22.40430313;224.5039731;15719
352.0359385;25508.20597;16;250.7793727;25364.66702;22.39550726;225.2317341;15719
351.0547006;25769.16831;17;250.4434049;25647.84747;22.38050066;226.4855292;15719
350.455046;26118.89642;19;250.3868559;26002.52141;22.37797381;228.0461418;15719
349.859777;29849.62906;22;250.3627771;29757.78381;22.37689778;243.9581268;15719
348.6452773;34080.9974;24;250.2463372;34126.29887;22.3716936;261.2519813;15719
347.8039414;34250.92209;25;250.0605801;34320.99277;22.36338883;261.9961556;15719
347.0833819;28658.65999;27;249.7441789;28676.33668;22.34923618;239.4841819;15719
345.8042808;26944.87486;28;249.0757905;27003.4981;22.3193096;232.3940537;15719
344.9221496;28856.326;33;248.6931016;29424.31198;22.30215692;242.5873533;15719
343.3029897;25399.55203;36;247.9067613;25963.88319;22.26687052;227.8766473;15719
336.0527497;25559.60915;41;247.9313831;26438.04283;22.26797625;229.9480064;15719
335.083477;26070.09938;42;246.9783805;26919.23277;22.22513804;232.0311736;15719
334.6342482;26070.09938;42;246.1972235;26919.23277;22.18996275;232.0311736;15719
333.8150949;33413.01653;43;246.0616307;34657.85134;22.18385136;263.2787547;15719
333.1472636;32738.05259;46;245.6587561;34330.93717;22.16568321;262.0341091;15719
330.229981;33079.59054;48;245.4251952;34721.27612;22.15514366;263.5195481;15719
329.763109;30891.7006;50;244.698024;32454.84123;22.12229753;254.7737869;15719
328.7718841;30891.7006;50;243.7418017;32454.84123;22.07903085;254.7737869;15719
328.6433821;30910.84097;51;243.7711544;32454.94242;22.08036025;254.774184;15719
327.3258077;29328.49871;54;242.4179823;31125.14085;22.018991;249.5000635;15719
326.8724762;29253.93169;56;242.2533422;31005.86239;22.01151254;249.0215348;15719
326.1539703;14714.11475;97;242.1773039;16461.69968;22.00805779;181.4480625;15719
331.5807435;31318.11067;58;242.4326435;33098.75889;22.01965683;257.2887829;15719
325.882143;31495.87339;59;242.6480462;33293.92607;22.02943695;258.046221;15719
324.712454;30903.65032;61;242.1861993;32559.74729;22.00846198;255.1852162;15719
317.1825285;27161.96094;64;242.2823906;28968.49604;22.01283219;240.7010429;15719
316.4690062;27161.96094;64;241.6500241;28968.49604;21.98408625;240.7010429;15719
315.887338;27161.96094;64;241.7078903;28968.49604;21.98671828;240.7010429;15719
315.7735883;331.3834351;52351;241.4596737;244.3296283;21.97542599;22.10563857;15719
337.1846861;353.8303417;52397;243.3086183;248.4411844;22.05940245;22.29085842;15719
353.8303417;353.8303417;52397;248.4411844;248.4411844;22.29085842;22.29085842;15719
353.8303417;353.8303417;52397;248.4411844;248.4411844;22.29085842;22.29085842;15719
353.8303417;NaN;0;248.4411844;NaN;22.29085842;NaN;15719
361.0935519;467.6128539;1;254.3360006;516.2043159;22.55375803;32.13111625;15719
359.5373189;25718.63353;2;253.97739;33607.40267;22.53785216;259.2581828;15719
358.7941633;618.3023795;5;253.8915337;724.8527687;22.53404241;38.07499885;15719
357.7719805;13669.29422;10;253.7407261;13898.30644;22.52734898;166.7231624;15719
353.6143423;13047.60572;13;252.2281138;13116.85122;22.46010302;161.9682143;15719
350.5603094;8849.720943;16;251.8258017;9010.670889;22.44218357;134.2435912;15719
348.5732115;4254.802408;18;250.6652708;4184.146279;22.39041182;91.47837208;15719
345.8165726;3415.169454;20;247.3004594;3323.740469;22.23962497;81.53208532;15719
344.6433825;3336.636147;21;245.9465179;3239.861341;22.17866172;80.49672467;15719
344.3454201;3179.714054;22;245.8535464;3117.793459;22.17446939;78.96573255;15719
341.8453299;3179.714054;22;245.3796718;3117.793459;22.1530888;78.96573255;15719
341.5633868;3179.714054;22;245.0456902;3117.793459;22.1380076;78.96573255;15719
341.2785074;6142.416531;24;244.8380116;6055.902801;22.12862452;110.0536487;15719
339.8987686;6486.179254;25;244.6680852;6383.803785;22.12094416;112.9938386;15719
339.5854449;6826.039776;26;244.5176199;6718.160826;22.11414117;115.9151485;15719
338.5504018;6826.039776;26;244.1865729;6718.160826;22.09916618;115.9151485;15719
337.7700494;6826.039776;26;243.7937569;6718.160826;22.08138387;115.9151485;15719
337.3187664;4579.332988;27;243.4676494;4440.215335;22.0666105;94.236037;15719
336.5139099;4550.373342;28;241.967104;4408.185593;21.99850467;93.89553336;15719
334.8942279;4550.373342;28;241.6623701;4408.185593;21.98464783;93.89553336;15719
333.8521016;6739.912885;31;241.3422228;6588.663281;21.97008069;114.7925371;15719
332.9563526;6933.44026;34;241.2522422;6792.571145;21.96598471;116.5553186;15719
332.5177811;5981.681038;37;241.0867783;5861.248677;21.95845069;108.2704824;15719
331.3570792;5726.719449;38;241.0612018;5590.659131;21.95728589;105.7417527;15719
330.7757044;7579.869609;41;240.9667319;7421.096485;21.95298303;121.8285392;15719
330.2529773;7579.869609;41;240.7498213;7421.096485;21.94310011;121.8285392;15719
330.0835277;4661.790083;43;240.7550905;4474.184859;21.94334024;94.59582294;15719
328.3906428;3593.059144;44;237.4115696;3426.5658;21.79043687;82.78364331;15719
327.7372247;10299.75254;64;237.4574511;10160.05849;21.79254235;142.5486478;15719
330.3134941;334.2099539;52328;237.9435243;241.7189378;21.81483551;21.98722073;15719
340.0057582;3184.961173;46;241.3926092;3024.29632;21.97237398;77.77269855;15719
328.7953676;2923.164567;48;240.8081218;2766.630587;21.94575685;74.38589365;15719
328.2868422;2923.164567;48;240.724424;2766.630587;21.94194267;74.38589365;15719
327.9792597;2923.164567;48;240.8258964;2766.630587;21.94656677;74.38589365;15719
322.5675293;2923.164567;48;240.5948949;2766.630587;21.93603861;74.38589365;15719
321.6851149;7127.23852;49;239.2799011;7024.147629;21.87600974;118.5255047;15719
321.4654342;10297.05939;50;239.1852499;10174.79412;21.8716826;142.651983;15719
321.301471;2665.950381;206;239.1931695;2596.422762;21.87204469;72.06140107;15719
328.6482044;10297.05939;50;239.6110913;10174.79412;21.89114393;142.651983;15719
320.8742505;10133.33958;51;238.3674322;10010.87449;21.83425896;141.4982296;15719
320.6338315;10133.33958;51;237.9351239;10010.87449;21.81445043;141.4982296;15719
320.2385364;353.8303417;52397;237.8734793;248.4411844;21.81162439;22.29085842;15719
339.1966849;353.8303417;52397;243.1301223;248.4411844;22.05130936;22.29085842;15719
353.8303417;353.8303417;52397;248.4411844;248.4411844;22.29085842;22.29085842;15719
353.8303417;NaN;0;248.4411844;NaN;22.29085842;NaN;15719
362.3619679;45618.93262;2;254.6827342;51578.62562;22.56912644;321.1810257;15719
360.6990254;50542.42036;5;254.4627686;50226.55261;22.55937803;316.9433786;15719
358.5881782;108828.5988;9;253.0468185;124229.8193;22.496525;498.4572586;15719
355.8389227;113038.4119;10;253.3103461;129767.7641;22.5082361;509.4462958;15719
355.5547911;67345.05082;16;253.2719815;66860.59758;22.50653156;365.6790877;15719
351.7849911;65022.3889;17;250.4316095;64568.99227;22.37997362;359.3577389;15719
349.5609204;44283.11927;19;248.3548524;44058.93596;22.2869851;296.8465461;15719
347.7078901;3356.15261;52;248.1302;3359.408429;22.27690284;81.96838939;15719
350.6235216;44787.05558;20;247.7245649;44522.91788;22.25868661;298.4054888;15719
347.5920983;44358.66082;22;248.4941496;44060.31074;22.29323438;296.8511773;15719
346.4474603;44358.66082;22;248.2210133;44060.31074;22.28097903;296.8511773;15719
346.3554808;44358.66082;22;248.217801;44060.31074;22.28083486;296.8511773;15719
345.9644448;25732.01137;24;247.8797694;25644.23023;22.26565828;226.4695575;15719
343.4551655;29026.47004;25;247.5658572;28931.63784;22.25155532;240.5478657;15719
342.2981908;29026.47004;25;247.1923383;28931.63784;22.2347628;240.5478657;15719
341.9087014;31047.08659;26;246.8891421;30939.88513;22.22112248;248.7564477;15719
341.3498269;28698.27326;28;246.6123671;28621.72977;22.20866349;239.2560543;15719
340.6659472;28698.27326;28;246.6721888;28621.72977;22.21135695;239.2560543;15719
339.8381719;22118.85957;29;246.7046727;22123.99894;22.21281939;210.3520807;15719
339.0307065;22118.85957;29;246.775893;22123.99894;22.21602543;210.3520807;15719
337.713125;20132.55966;30;246.621938;20157.17038;22.20909444;200.784314;15719
336.2220606;19591.44949;32;245.8758671;19593.12643;22.17547596;197.9551789;15719
334.5726357;19591.44949;32;242.7918628;19593.12643;22.03596437;197.9551789;15719
334.2456888;19799.83101;35;242.7022099;19784.10107;22.03189551;198.9175763;15719
333.8733316;19171.13021;38;242.4386272;19137.43969;22.01992857;195.6396672;15719
332.2028047;15162.88486;40;242.1271807;15148.13795;22.00578018;174.0582543;15719
331.7003579;15127.13761;41;241.9030036;15101.88364;21.99559063;173.7923108;15719
331.4053868;12637.02697;42;241.8202871;12609.58059;21.99182971;158.8054192;15719
331.0030476;12935.5197;43;241.0882228;12906.98705;21.95851647;160.6672776;15719
330.8511645;12935.5197;43;241.1135637;12906.98705;21.95967048;160.6672776;15719
330.3230315;13959.78932;44;240.8651668;13924.76547;21.94835606;166.8817873;15719
330.0615554;13964.55305;45;240.8690548;13930.90747;21.9485332;166.9185878;15719
329.1174908;13926.46495;46;240.0503555;13886.75565;21.91120058;166.6538667;15719
328.8449226;11853.56383;47;239.9320915;11844.29887;21.9058025;153.9110059;15719
328.7266977;11566.80426;51;239.963084;11517.15025;21.90721726;151.7705521;15719
328.1905858;10082.29525;52;239.4322925;10038.64315;21.88297477;141.6943411;15719
327.8229565;10082.29525;52;239.6427772;10038.64315;21.89259131;141.6943411;15719
327.0541593;10082.29525;52;239.3709932;10038.64315;21.88017336;141.6943411;15719
326.7891342;10082.29525;52;239.3837801;10038.64315;21.88075776;141.6943411;15719
326.0393784;10082.29525;52;238.89299;10038.64315;21.85831604;141.6943411;15719
325.997625;10082.29525;52;238.8670156;10038.64315;21.8571277;141.6943411;15719
325.9406729;10082.29525;52;238.7806725;10038.64315;21.853177;141.6943411;15719
325.8385943;11710.59061;53;238.7633511;11654.30946;21.85238436;152.6716048;15719
325.3134902;11710.59061;53;238.4159939;11654.30946;21.83648295;152.6716048;15719
325.2649463;11710.59061;53;238.3282324;11654.30946;21.83246355;152.6716048;15719
324.6303636;11586.64021;54;238.3785787;11531.0668;21.83476946;151.8622191;15719
324.5634571;11586.64021;54;238.3412444;11531.0668;21.83305954;151.8622191;15719
324.2566654;11088.78868;55;238.2015974;11032.80898;21.82666247;148.5450032;15719
324.109741;327.1838176;52202;238.1052797;235.2926201;21.82224918;21.69297675;15719
335.6852174;8671.795297;57;239.8716034;8598.926989;21.90304104;131.1405886;15719
324.7528195;8761.611173;58;239.1167598;8706.392708;21.86855092;131.9575137;15719
324.2840258;8893.928779;59;238.5194237;8829.246025;21.841219;132.885259;15719
323.8788843;8929.373509;60;238.3887568;8858.906586;21.8352356;133.1082761;15719
323.3051581;8929.373509;60;238.1055126;8858.906586;21.82225986;133.1082761;15719
323.098357;8778.085429;61;238.2033996;8708.287428;21.82674504;131.9718715;15719
322.8299739;8573.673164;62;238.0758048;8504.146792;21.82089846;130.4158487;15719
322.5475958;353.8303417;52397;238.0507832;248.4411844;21.81975175;22.29085842;15719
339.8007076;353.8303417;52397;241.2570491;248.4411844;21.96620355;22.29085842;15719
353.8303417;353.8303417;52397;248.4411844;248.4411844;22.29085842;22.29085842;15719
353.8303417;NaN;0;248.4411844;NaN;22.29085842;NaN;15719
354.1146939;780.8329113;3;254.0727923;845.7065565;22.54208474;41.12679313;15719
352.5172349;261293.4343;5;253.912187;276740.0955;22.53495893;743.9624931;15719
348.5892618;111794.0568;9;254.1557976;116042.1743;22.54576668;481.7513348;15719
346.7880886;66401.11484;15;254.2031365;68519.94133;22.54786626;370.1889824;15719
344.5443168;66401.11484;15;253.0151435;68519.94133;22.49511696;370.1889824;15719
343.8165534;66401.11484;15;253.201001;68519.94133;22.50337757;370.1889824;15719
342.098586;39429.12386;18;252.695976;40276.97938;22.48092418;283.8202931;15719
337.8107397;39429.12386;18;249.9518471;40276.97938;22.35852621;283.8202931;15719
337.5392383;36972.77309;19;249.7813792;37789.6342;22.35090062;274.9168391;15719
336.8511954;20562.28286;21;249.6395018;21082.97679;22.34455199;205.3435014;15719
335.7430409;34815.96425;22;248.8958352;35207.87592;22.31124538;265.3596651;15719
333.7231118;33628.88064;23;247.7934501;33850.38276;22.26178115;260.1937077;15719
333.2852111;332.6646175;52369;247.7304223;244.7169123;22.25894976;22.12315133;15719
343.7552505;33230.78793;26;246.7805296;33266.90433;22.21623414;257.941483;15719
331.2027321;33263.16441;27;248.5136808;33310.92877;22.29411047;258.1121027;15719
329.8910443;33263.16441;27;246.8918728;33310.92877;22.22124536;258.1121027;15719
329.4357611;28594.72953;29;246.8128442;28472.7652;22.21768864;238.6326264;15719
328.967812;27289.88596;31;246.7534825;27165.34739;22.21501666;233.0894566;15719
327.422768;26992.77106;33;245.9995382;26860.36044;22.18105219;231.7773088;15719
326.7428232;19708.2624;36;245.8469993;19646.21743;22.17417414;198.2231945;15719
325.9281171;19708.2624;36;245.0626055;19646.21743;22.13877167;198.2231945;15719
325.5323297;19580.49107;37;245.0023219;19521.54051;22.13604852;197.5932211;15719
325.3328708;19580.49107;37;244.8633195;19521.54051;22.12976816;197.5932211;15719
324.5623513;19580.49107;37;244.667387;19521.54051;22.12091259;197.5932211;15719
323.7619019;17376.57757;39;244.6074315;17356.44974;22.11820207;186.3139809;15719
319.5792944;21967.26468;42;243.2912334;21900.33535;22.05861434;209.2860977;15719
319.8163887;20791.91908;40;242.6926984;20744.48953;22.03146379;203.6884363;15719
318.9081803;20791.91908;40;242.5349814;20744.48953;22.02430391;203.6884363;15719
318.8501907;21902.01775;41;242.5383022;21831.37151;22.02445469;208.9563184;15719
318.7607252;21933.79899;42;242.4857134;21843.57557;22.02206682;209.0147151;15719
318.706139;21933.79899;42;242.5069626;21843.57557;22.0230317;209.0147151;15719
318.2371161;21933.79899;42;241.9205724;21843.57557;21.99638936;209.0147151;15719
317.8955619;2554.30994;225;240.8736237;2474.430358;21.94874136;70.34813939;15719
326.8987391;353.8303417;52397;241.7106961;248.4411844;21.98684589;22.29085842;15719
352.3177744;472.3800306;1;248.181331;521.5041322;22.27919796;32.29563847;15719
356.9000152;472.3800306;1;253.9531512;521.5041322;22.53677666;32.29563847;15719
356.2895042;1313.596252;3;253.6080686;1394.192525;22.52145948;52.80516121;15719
354.7282305;438.1109455;5;253.2792301;474.7881859;22.50685363;30.81519709;15719
353.9235033;3531.531061;9;253.1641685;3476.297389;22.50174076;83.38222099;15719
352.6983674;18233.63881;12;252.2890486;18111.50958;22.46281588;190.3234593;15719
348.4389289;11918.52737;13;251.1756835;11769.51636;22.41319627;153.424355;15719
348.2566282;16744.93178;15;251.1287322;16538.71042;22.41110136;181.8719903;15719
346.7202723;13682.28412;16;250.0590847;13509.98029;22.36332197;164.3774942;15719
346.4717247;13682.28412;16;249.8274996;13509.98029;22.35296399;164.3774942;15719
346.1565803;18950.49645;18;249.5388296;18746.7389;22.34004609;193.6323263;15719
344.6301862;19209.84999;21;248.593797;19023.4798;22.29770378;195.0562986;15719
343.7233229;19209.84999;21;248.3439922;19023.4798;22.2864978;195.0562986;15719
343.0808185;343.0406857;52367;248.5622036;243.6291567;22.29628685;22.07392836;15719
347.8976889;22393.87319;24;246.9301413;22280.41536;22.22296746;211.0943645;15719
342.2291511;23532.26238;26;248.3343281;23343.87773;22.28606417;216.0734955;15719
341.802584;13273.70066;31;248.1839872;13164.74485;22.27931719;162.2636426;15719
341.1985239;20473.01411;33;248.0970816;20384.26002;22.27541612;201.9121592;15719
339.7862785;17831.324;36;248.0132946;17697.73817;22.27165439;188.1368553;15719
339.1512802;20688.39831;39;246.8897886;20557.61134;22.22115157;202.7688898;15719
336.2930281;20688.39831;39;245.7043581;20557.61134;22.16774044;202.7688898;15719
330.4183537;20688.39831;39;245.3264019;20557.61134;22.15068405;202.7688898;15719
330.1686214;14852.95351;41;245.1557246;14673.53338;22.14297742;171.309856;15719
327.811721;16079.05225;43;240.8184865;15892.38872;21.94622913;178.282858;15719
327.3467376;14854.3749;45;240.6888194;14664.46129;21.94031993;171.2568906;15719
325.7545318;14854.3749;45;240.4393608;14664.46129;21.92894712;171.2568906;15719
324.5063531;17802.94801;46;239.8645387;17670.02203;21.90271849;187.9894786;15719
322.2368175;17802.94801;46;240.5614227;17670.02203;21.93451266;187.9894786;15719
322.1211496;17802.94801;46;240.6497703;17670.02203;21.93854007;187.9894786;15719
321.478946;17802.94801;46;240.5294898;17670.02203;21.93305678;187.9894786;15719
321.377121;17802.94801;46;240.504896;17670.02203;21.93193544;187.9894786;15719
321.1211887;21720.75763;64;240.4169849;21596.2964;21.92792671;207.8282772;15719
324.5330435;14827.04417;47;240.5124284;14699.9858;21.93227888;171.4641992;15719
320.786242;14914.62815;48;240.051049;14791.5832;21.91123223;171.9975767;15719
320.7179309;14914.62815;48;239.9771375;14791.5832;21.90785875;171.9975767;15719
320.0127147;19067.91039;50;239.9318214;18965.75661;21.90579017;194.7601428;15719
319.0830314;18036.75109;52;240.2028141;17939.75703;21.9181575;189.4188852;15719
318.6288407;309.0820563;52086;240.0258811;233.9035886;21.91008357;21.62885058;15719
329.882886;18036.75109;52;240.678736;17939.75703;21.93986034;189.4188852;15719
319.1991607;16029.20471;53;240.0790941;15953.78307;21.91251214;178.6268909;15719
319.0520181;16029.20471;53;240.3565855;15953.78307;21.92517209;178.6268909;15719
318.5071397;16029.20471;53;240.1910661;15953.78307;21.9176215;178.6268909;15719
318.126998;15980.01631;54;240.2003546;15906.69293;21.91804529;178.3630731;15719
318.0121225;15980.01631;54;240.037658;15906.69293;21.91062108;178.3630731;15719
317.5708593;21568.50302;55;239.8608225;21447.45749;21.90254882;207.1108761;15719
316.870705;21904.12736;56;239.1525663;21775.88461;21.87018822;208.6906064;15719
316.8163458;22109.50934;57;239.1270338;21977.73004;21.86902073;209.6555749;15719
316.5023429;320.795537;52337;238.995713;240.6008037;21.86301502;21.93630797;15719
332.8821338;353.8303417;52397;240.7722824;248.4411844;21.9441237;22.29085842;15719
353.8303417;NaN;0;248.4411844;NaN;22.29085842;NaN;15719
362.4755855;NaN;0;254.6487466;NaN;22.56762046;NaN;15719
361.1441742;3789.722556;2;254.5040518;4013.464191;22.56120794;89.59312686;15719
360.4061121;3610.516408;4;254.2620681;4250.034394;22.55047973;92.19581763;15719
355.8163923;5492.196337;6;253.8977814;8293.516982;22.53431967;128.7906595;15719
354.5714266;20698.36526;9;252.5573371;26408.56587;22.47475638;229.819781;15719
352.2606261;68777.07599;11;251.9304839;68108.67534;22.44684761;369.076348;15719
350.7377613;71544.29542;12;251.5156717;70812.68264;22.42836025;376.3314567;15719
348.2812822;56602.66623;14;249.9101593;56135.02454;22.35666161;335.0672307;15719
341.9181177;54727.37773;15;250.1594245;54270.86271;22.36780832;329.4567125;15719
341.0992769;91212.14484;18;249.4241748;90888.48819;22.33491324;426.3531123;15719
339.1635735;91212.14484;18;249.6856793;90888.48819;22.3466185;426.3531123;15719
338.0489043;77986.14962;19;249.4750731;77720.17185;22.33719199;394.2592341;15719
335.9660694;34520.29961;20;245.94005;34477.03691;22.17837009;262.5910772;15719
335.5078654;34520.29961;20;245.3891842;34477.03691;22.15351819;262.5910772;15719
335.1896939;33184.69406;21;245.3129969;33173.43752;22.15007887;257.5788715;15719
334.9588024;36944.2831;23;245.1512614;36899.65911;22.14277586;271.6602993;15719
333.7041018;36944.2831;23;244.04529;36899.65911;22.09277212;271.6602993;15719
333.4291173;38748.95542;24;243.7982882;38684.27134;22.08158908;278.1520136;15719
333.1663697;28849.29388;26;243.5573077;28663.73892;22.0706732;239.4315723;15719
332.9048605;28849.29388;26;243.5727192;28663.73892;22.07137147;239.4315723;15719
332.2435059;28849.29388;26;243.1818642;28663.73892;22.05365567;239.4315723;15719
331.6919959;25191.60561;27;242.9255048;25060.84425;22.04202825;223.8787362;15719
331.5586765;25921.64057;28;242.8234105;25766.57687;22.03739597;227.009149;15719
330.8334211;21001.87261;30;243.1732562;20932.0464;22.05326535;204.607167;15719
330.1178981;20226.11408;31;242.79021;20159.14806;22.03588936;200.7941635;15719
329.2501233;19920.97938;32;240.8585126;19892.39757;21.94805288;199.4612623;15719
328.5707173;19885.83212;33;241.0394096;19870.21902;21.95629339;199.350039;15719
328.1027037;19885.83212;33;240.5618172;19870.21902;21.93453064;199.350039;15719
327.9123401;19885.83212;33;240.4869979;19870.21902;21.93111935;199.350039;15719
327.1204187;19885.83212;33;240.233147;19870.21902;21.91954137;199.350039;15719
326.5300126;19885.83212;33;240.1665441;19870.21902;21.91650264;199.350039;15719
326.3027422;20300.18016;35;239.9638932;20252.38757;21.9072542;201.2579816;15719
325.4696921;25094.07838;36;239.7251237;25021.36845;21.89635238;223.70234;15719
324.6027816;23323.86475;37;239.4257127;23249.53391;21.88267409;215.6364251;15719
324.4657243;23033.61859;38;239.2199029;22974.27945;21.87326692;214.3561496;15719
323.2243321;23408.5508;39;238.7251737;23343.54077;21.85063723;216.071936;15719
323.1285454;23408.5508;39;238.753383;23343.54077;21.8519282;216.071936;15719
322.4264979;20580.20669;40;238.7569817;20548.27026;21.85209288;202.722817;15719
322.0177531;20580.20669;40;238.6264315;20548.27026;21.8461178;202.722817;15719
321.5899024;23345.5869;42;238.5800543;23277.90318;21.84399479;215.7679456;15719
320.763239;23345.5869;42;238.5391606;23277.90318;21.84212263;215.7679456;15719
320.6120847;12468.27502;78;238.242842;12396.88113;21.82855203;157.4603514;15719
324.2424326;19141.88061;44;238.4438998;19109.40075;21.83776087;195.4962954;15719
320.7935732;25684.13776;46;238.3142338;25579.0875;21.83182236;226.18173;15719
320.0538982;25684.13776;46;237.2296847;25579.0875;21.78208827;226.18173;15719
319.6339765;25684.13776;46;237.2344262;25579.0875;21.78230595;226.18173;15719
319.2749801;18406.28831;49;237.2489684;18388.79577;21.78297355;191.774846;15719
318.8913292;18904.48444;50;236.4485082;18883.73885;21.74619545;194.3385646;15719
318.6337151;18904.48444;50;236.2039995;18883.73885;21.73494879;194.3385646;15719
318.5206754;19096.44794;52;236.0094235;19041.21655;21.72599473;195.1472088;15719
318.4924307;19096.44794;52;235.9882043;19041.21655;21.72501804;195.1472088;15719
317.9081318;330.0639042;52333;235.9301551;240.3916156;21.72234587;21.92676974;15719
336.8918959;19047.48776;53;240.1726719;18969.65072;21.91678224;194.7801362;15719
321.9739166;19047.48776;53;238.8844657;18969.65072;21.85792605;194.7801362;15719
321.7626959;19047.48776;53;238.7695263;18969.65072;21.85266695;194.7801362;15719
321.7271569;19047.48776;53;238.7707873;18969.65072;21.85272465;194.7801362;15719
321.0604212;19004.25423;54;238.4686439;18924.24808;21.83889392;194.5468996;15719
320.6630451;19004.25423;54;238.3981387;18924.24808;21.83566526;194.5468996;15719
320.5646477;5794.188449;223;238.1728087;5694.918825;21.82534346;106.7231823;15719
327.5616515;321.279975;52197;237.8043777;231.1087048;21.80845605;21.49924207;15719
331.6986635;8977.572011;150;238.5032857;8877.971656;21.84048011;133.2514289;15719
326.0492982;16970.8587;65;237.669215;16880.8834;21.80225745;183.7437531;15719
320.5521661;19545.90143;59;237.7166782;19482.84564;21.80443433;197.397293;15719
319.5975574;19306.53197;60;237.5163465;19240.90017;21.79524473;196.1677862;15719
319.1413001;16209.39461;75;237.6517521;16249.93662;21.80145647;180.2772122;15719
320.5101794;19306.53197;60;237.3291596;19240.90017;21.78665461;196.1677862;15719
318.8727144;19007.29619;61;237.7321397;18947.92207;21.80514341;194.6685495;15719
318.6760196;19007.29619;61;237.3897587;18947.92207;21.78943591;194.6685495;15719
318.5825957;19007.29619;61;237.2765649;18947.92207;21.7842404;194.6685495;15719
318.3279332;16904.60764;113;237.0258466;16895.32816;21.7727282;183.8223499;15719
321.680415;18605.78945;62;236.3472827;18552.82016;21.74154009;192.6282438;15719
318.1459934;21154.84083;63;236.9753295;21087.52289;21.77040787;205.3656392;15719
318.0676908;20827.4486;64;236.9310628;20830.83596;21.76837444;204.1119103;15719
316.2716986;20838.9079;65;236.8013267;20852.68395;21.76241378;204.2189215;15719
315.6170012;18035.36079;101;237.0277877;18152.14495;21.77281735;190.5368466;15719
317.2408589;20132.19564;66;235.4003034;20167.23709;21.69794015;200.8344447;15719
315.3693395;20132.19564;66;235.8945053;20167.23709;21.72070465;200.8344447;15719
315.315602;20162.24295;67;235.8129158;20196.30757;21.71694803;200.9791411;15719
315.1955991;20162.24295;67;235.5163824;20196.30757;21.70328926;200.9791411;15719
315.0944591;20162.24295;67;235.2289133;20196.30757;21.6900398;200.9791411;15719
315.0633153;20162.24295;67;235.1316945;20196.30757;21.68555715;200.9791411;15719
315.0173899;23733.88358;68;235.0075844;23820.66058;21.67983323;218.2689193;15719
314.9176883;316.0771282;52066;234.7630409;225.5203122;21.66855052;21.23771702;15719
324.6665279;24839.89025;69;235.2362742;24827.10321;21.69037917;222.8322383;15719
315.2954153;23819.47507;70;234.8699473;23773.02167;21.67348367;218.0505523;15719
315.2691603;23212.32559;71;234.8698516;23171.97476;21.67347926;215.2764491;15719
315.1480937;23087.91616;72;234.3812246;23048.24768;21.6509226;214.700944;15719
314.9271864;23087.91616;72;234.1602002;23048.24768;21.64071164;214.700944;15719
314.8973033;23087.91616;72;234.0595969;23048.24768;21.63606235;214.700944;15719
314.8475665;1246.978452;630;233.9280563;1151.109866;21.6299818;47.98145196;15719
321.7767904;23087.91616;72;233.9816223;23048.24768;21.63245813;214.700944;15719
314.8451886;23087.91616;72;233.8650018;23048.24768;21.62706646;214.700944;15719
314.6478597;23087.91616;72;233.837711;23048.24768;21.62580454;214.700944;15719
314.5934134;23047.9221;73;233.6135721;23012.65281;21.61543764;214.5350918;15719
314.4143671;21210.90047;74;233.5407756;21172.87806;21.61206957;205.7808449;15719
314.2380715;21210.90047;74;232.7474519;21172.87806;21.57533091;205.7808449;15719
314.197702;21180.96819;73;232.6287992;21149.52613;21.56983074;205.667334;15719
312.1929394;21180.96819;73;233.2893361;21149.52613;21.60043222;205.667334;15719
312.1709827;314.4378461;52229;233.2092296;230.8674147;21.59672334;21.48801595;15719
323.4167995;20967.44106;74;234.3996135;20937.23078;21.65177192;204.6325037;15719
312.3043877;20967.44106;74;233.1350431;20937.23078;21.59328799;204.6325037;15719
312.237265;313.5054281;52195;233.0464866;230.1801817;21.58918649;21.45600996;15719
322.3864013;17900.52298;89;233.9530083;17853.94975;21.63113535;188.9653394;15719
312.4408648;7315.154384;194;232.6937053;7278.936649;21.57283965;120.6560123;15719
315.9047041;21500.87753;75;232.4180406;21488.41542;21.56005754;207.3085402;15719
312.1296299;14345.46516;108;232.7410753;14462.45444;21.57503536;170.0732456;15719
313.0757353;21500.87753;75;232.221905;21488.41542;21.55095845;207.3085402;15719
311.9569997;13144.82771;120;232.1411096;13175.12788;21.54720908;162.3276186;15719
313.3355269;19286.09115;76;231.5163117;19316.39023;21.51819285;196.5522334;15719
311.8286177;19286.09115;76;231.7390475;19316.39023;21.5285414;196.5522334;15719
311.3563791;19286.09115;76;231.7668888;19316.39023;21.52983459;196.5522334;15719
311.3025511;19286.09115;76;231.597263;19316.39023;21.52195451;196.5522334;15719
311.2271965;19286.09115;76;231.3003996;19316.39023;21.50815657;196.5522334;15719
311.1921374;19286.09115;76;231.1667722;19316.39023;21.50194281;196.5522334;15719
311.1300249;19286.09115;76;230.9430841;19316.39023;21.49153713;196.5522334;15719
311.1005186;19286.09115;76;230.8587422;19316.39023;21.48761235;196.5522334;15719
310.9518166;19286.09115;76;230.4066964;19316.39023;21.46656453;196.5522334;15719
310.8842716;19286.09115;76;230.1208734;19316.39023;21.4532456;196.5522334;15719
310.7788914;3920.479155;297;229.7135233;3938.8621;21.43424938;88.75654455;15719
316.2838326;18328.97331;78;230.544273;18384.55805;21.47297246;191.7527473;15719
310.5849033;18099.02783;79;228.4781575;18174.17003;21.37653655;190.6524064;15719
310.5527734;18099.02783;79;228.3487272;18174.17003;21.37048091;190.6524064;15719
310.5282595;2945.8713;336;228.3323452;2954.295657;21.36971433;76.86736183;15719
316.1770922;18099.02783;79;229.5343921;18174.17003;21.42589051;190.6524064;15719
310.4804161;18099.02783;79;228.2025063;18174.17003;21.36363763;190.6524064;15719
310.4589356;18099.02783;79;228.1344009;18174.17003;21.36044947;190.6524064;15719
310.3493441;18099.02783;79;227.7842122;18174.17003;21.34404892;190.6524064;15719
310.2930201;18099.02783;79;227.6600921;18174.17003;21.33823292;190.6524064;15719
310.0505825;6382.120961;219;226.8878137;6436.348451;21.30200994;113.4579081;15719
314.4590101;18099.02783;79;228.2903336;18174.17003;21.36774829;190.6524064;15719
310.1360823;7914.086013;183;227.2199979;7968.48648;21.31759827;126.2417243;15719
313.5756585;17737.71635;81;227.9615983;17815.00868;21.3523581;188.7591517;15719
310.0986507;17599.8094;82;227.1466385;17788.2753;21.31415673;188.6174716;15719
310.0722915;4479.103669;266;227.0079142;4514.199311;21.30764718;95.0178858;15719
315.0756684;17599.8094;82;228.360013;17788.2753;21.37100901;188.6174716;15719
310.0349462;17599.8094;82;226.8964089;17788.2753;21.30241343;188.6174716;15719
310.0186737;1072.446487;815;226.8689341;996.2462604;21.30112363;44.63734446;15719
317.3569765;17599.8094;82;229.2841078;17788.2753;21.41420593;188.6174716;15719
310.0906955;17599.8094;82;226.9977566;17788.2753;21.30717046;188.6174716;15719
310.0255771;314.4346411;52232;226.8171081;229.8173271;21.29869048;21.43909173;15719
323.0709866;15926.84738;84;231.8630781;16142.35204;21.53430185;179.6794481;15719
310.4880594;15926.84738;84;227.5870647;16142.35204;21.33481027;179.6794481;15719
310.4423681;15926.84738;84;227.7173879;16142.35204;21.34091787;179.6794481;15719
310.4350997;13417.85949;96;227.7013878;13637.1277;21.34016813;165.1491913;15719
310.6192184;15926.84738;84;227.3835529;16142.35204;21.32526918;179.6794481;15719
310.3075481;316.7626976;52272;227.3624149;232.8810765;21.32427794;21.58152342;15719
325.0810592;353.8303417;52397;232.6653688;248.4411844;21.57152608;22.29085842;15719
353.8303417;353.8303417;52397;248.4411844;248.4411844;22.29085842;22.29085842;15719
353.8303417;353.8303417;52397;248.4411844;248.4411844;22.29085842;22.29085842;15719
353.8303417;353.8303417;52397;248.4411844;248.4411844;22.29085842;22.29085842;15719
353.8303417;353.8303417;52397;248.4411844;248.4411844;22.29085842;22.29085842;15719
353.8303417;NaN;0;248.4411844;NaN;22.29085842;NaN;15719
362.3637863;2062.592983;4;254.5901294;2427.528219;22.56502291;69.67823504;15719
359.1323102;2062.592983;4;254.3441783;2427.528219;22.55412061;69.67823504;15719
352.3992954;1597.221643;6;254.3561731;2046.062813;22.55465243;63.96972429;15719
351.4845485;1349.912335;8;254.1901579;1392.913315;22.54729065;52.78093056;15719
351.009249;3139.374892;11;254.1274368;3068.985876;22.54450873;78.34520887;15719
347.8387723;2649.248032;14;249.5342977;2649.808767;22.33984322;72.79847206;15719
346.8444014;582.4586267;16;249.1190189;447.830447;22.32124633;29.92759419;15719
345.6997591;582.4586267;16;247.9447704;447.830447;22.26857743;29.92759419;15719
344.1501947;613.4890556;19;247.5551066;452.5657491;22.25107218;30.08540341;15719
340.980864;613.4890556;19;245.8080776;452.5657491;22.1724188;30.08540341;15719
340.8193107;688.8064614;20;245.736787;496.9538444;22.16920328;31.52630154;15719
338.9940254;688.8064614;20;244.1583411;496.9538444;22.09788864;31.52630154;15719
338.2844438;678.8681885;21;244.0908811;479.2856794;22.09483565;30.96080359;15719
337.2031541;691.4732321;23;243.9075651;504.8111088;22.08653731;31.77455299;15719
336.9005755;666.6526991;24;243.8043326;473.7373481;22.08186281;30.78107692;15719
336.4821787;749.0796343;26;243.4481289;560.3507998;22.06572586;33.47688157;15719
335.2189878;749.0796343;26;242.8772331;560.3507998;22.03983816;33.47688157;15719
334.9468027;931.0640811;28;242.8307853;723.9191156;22.03773062;38.05046953;15719
334.3236539;834.2101322;29;242.7776788;637.3703362;22.03532068;35.70351065;15719
332.7340785;7745.416167;30;242.7541018;8011.754836;22.03425069;126.5840024;15719
330.8513686;6005.571985;32;243.4758013;6266.175148;22.06697992;111.9479803;15719
330.1558581;6129.563193;36;243.0383592;6239.800238;22.04714762;111.7121322;15719
329.4377876;6258.514213;37;243.0158953;6339.146886;22.0461287;112.5979297;15719
328.2829721;6258.514213;37;242.7935879;6339.146886;22.03604265;112.5979297;15719
327.6766306;5176.138188;39;242.4861279;5219.185348;22.02208564;102.1683449;15719
326.9940293;5176.138188;39;241.3849475;5219.185348;21.97202528;102.1683449;15719
326.6928563;2732.145538;122;240.5887338;2663.089768;21.93575774;72.9806792;15719
334.2199995;353.8303417;52397;241.7611875;248.4411844;21.98914221;22.29085842;15719
353.8303417;353.8303417;52397;248.4411844;248.4411844;22.29085842;22.29085842;15719
353.8303417;353.8303417;52397;248.4411844;248.4411844;22.29085842;22.29085842;15719
353.8303417;NaN;0;248.4411844;NaN;22.29085842;NaN;15719
362.1556011;9906.256233;3;254.6931294;10120.22896;22.56958703;142.2689633;15719
359.4012205;2889.354675;8;254.0945366;2942.38612;22.54304933;76.71226916;15719
353.5539294;2885.346115;9;253.406614;2932.792224;22.5125127;76.58710367;15719
352.7665052;3388.394426;11;253.7258558;3465.093599;22.52668887;83.24774591;15719
351.6365968;2848.882756;16;253.5443861;3801.914448;22.51863167;87.19993633;15719
346.5872698;3979.121007;18;249.0876424;4882.871118;22.31984061;98.82177005;15719
338.413272;3979.121007;18;247.7211511;4882.871118;22.25853325;98.82177005;15719
337.1972132;3981.217307;19;247.3329614;4906.107446;22.24108637;99.05662468;15719
335.7786622;3105.740571;22;246.8807961;4110.709943;22.22074689;90.67204578;15719
334.960301;3074.110844;24;246.631323;4115.666115;22.20951701;90.72668974;15719
334.6646071;4470.121535;27;246.2264939;6634.877221;22.1912818;115.1944202;15719
331.7618857;4539.939648;29;243.1306524;6750.854358;22.0513334;116.1968533;15719
330.938835;4539.939648;29;243.1046987;6750.854358;22.0501564;116.1968533;15719
329.943622;4885.469113;30;243.0755484;6857.798699;22.04883436;117.1136089;15719
328.8014292;3534.005527;32;242.7760365;4665.23541;22.03524615;96.59436226;15719
324.7300588;5723.494474;36;242.4054739;6658.132256;22.01842292;115.39612;15719
323.3169906;5723.494474;36;241.1266101;6658.132256;21.96026458;115.39612;15719
322.5065378;5821.725741;37;240.9506621;6619.337055;21.952251;115.0594373;15719
317.2834982;4245.163962;77;240.9054715;4440.711701;21.95019232;94.24130412;15719
323.7031711;353.8303417;52397;241.7596993;248.4411844;21.98907453;22.29085842;15719
353.8303417;353.8303417;52397;248.4411844;248.4411844;22.29085842;22.29085842;15719
353.8303417;353.8303417;52397;248.4411844;248.4411844;22.29085842;22.29085842;15719
353.8303417;353.8303417;52397;248.4411844;248.4411844;22.29085842;22.29085842;15719
353.8303417;4755.433121;2;248.4411844;6613.678492;22.29085842;115.0102473;15719
361.3543691;14839.25283;3;253.5732868;14861.07837;22.51991505;172.4011506;15719
358.7347539;50513.19202;7;252.1081911;56864.79881;22.45476302;337.2381912;15719
356.9430534;43838.94877;11;251.6769599;49642.12271;22.43555036;315.0940263;15719
353.5507012;36653.48572;14;250.0263913;36578.18545;22.36186;270.4743443;15719
352.3219109;20311.31408;21;249.7306535;21088.3544;22.34863099;205.3696881;15719
351.0886068;16216.95792;22;248.7068367;17245.10099;22.30277277;185.715379;15719
350.0735072;16314.17392;24;248.5208231;17480.01984;22.29443083;186.9760404;15719
347.8692262;16314.17392;24;248.5587547;17480.01984;22.29613216;186.9760404;15719
346.7371643;16616.80729;26;248.2367878;17962.66053;22.281687;189.5397611;15719
346.9917007;16314.17392;24;248.038438;17480.01984;22.2727833;186.9760404;15719
346.0060586;16439.11155;26;247.8156464;17558.66096;22.26277819;187.396163;15719
345.1694464;17229.09436;29;247.4256619;19242.9775;22.24525396;196.1783755;15719
343.6043527;15596.93609;32;246.0072857;17195.10619;22.18140147;185.4459824;15719
342.0552108;345.1786233;52376;243.634425;244.8869238;22.07416703;22.13083477;15719
349.0857941;15596.93609;32;245.8335927;17195.10619;22.17356952;185.4459824;15719
344.1320743;15790.51671;34;246.0781553;17477.0919;22.18459625;186.9603803;15719
335.4422745;13431.40756;35;246.1691074;15116.23827;22.18869565;173.8748876;15719
335.04015;13431.40756;35;246.0798692;15116.23827;22.1846735;173.8748876;15719
334.8985936;15342.45539;36;246.0254521;16683.20152;22.18222045;182.6647285;15719
333.8414715;14846.35128;39;245.6074721;15872.10608;22.16336942;178.169055;15719
333.3839202;18160.99729;40;245.2695689;19351.20826;22.14811816;196.7292976;15719
333.1694158;18160.99729;40;245.1842902;19351.20826;22.14426744;196.7292976;15719
332.1368939;18160.99729;40;244.8066304;19351.20826;22.12720635;196.7292976;15719
331.6281343;18307.12622;42;244.6195932;19469.71435;22.11875192;197.3307596;15719
331.3314059;17865.55406;44;244.4613143;19076.83553;22.11159489;195.3296471;15719
330.6968281;17922.0499;45;243.3423647;19114.64322;22.0609322;195.5231097;15719
329.521921;17922.0499;45;243.2635228;19114.64322;22.05735808;195.5231097;15719
329.3020586;20854.42935;46;243.5681532;22496.68914;22.07116459;212.1164262;15719
328.7027996;27788.70316;48;243.2402842;29374.94432;22.0563045;242.3837631;15719
327.6415534;27788.70316;48;242.1046023;29374.94432;22.00475414;242.3837631;15719
327.5922738;27788.70316;48;242.0386063;29374.94432;22.00175476;242.3837631;15719
326.8161005;27835.84654;49;241.9495085;29440.27952;21.99770481;242.6531662;15719
326.1140837;28041.93753;50;241.5681281;29663.73792;21.98036069;243.5723216;15719
325.9611565;29724.19386;51;241.5637328;31860.67425;21.98016073;252.4308787;15719
324.0219214;28833.97248;53;242.2930185;30389.21511;22.013315;246.5328177;15719
321.0908176;29028.31876;54;242.0050595;30597.8018;22.00022998;247.3774517;15719
320.776454;29028.31876;54;241.5294273;30597.8018;21.97859992;247.3774517;15719
320.1124448;29028.31876;54;241.2002704;30597.8018;21.96361857;247.3774517;15719
319.878866;29689.07332;55;240.9502915;31470.39541;21.95223412;250.8800327;15719
319.5046944;29689.07332;55;240.5273976;31470.39541;21.93296139;250.8800327;15719
319.3366888;29948.22378;56;240.4568999;31725.61838;21.92974692;251.8952893;15719
318.8849186;325.7739917;52286;239.4535448;237.0511476;21.88394593;21.77389022;15719
332.2845437;23482.86969;58;241.0711138;24462.43331;21.9577373;221.1896621;15719
321.2756156;23482.86969;58;240.2517937;24462.43331;21.92039204;221.1896621;15719
320.7098078;23482.86969;58;240.3234054;24462.43331;21.9236587;221.1896621;15719
320.2643832;21754.57344;59;240.0456112;22707.93294;21.91098406;213.1099854;15719
319.3609131;21754.57344;59;238.6706851;22707.93294;21.8481434;213.1099854;15719
319.3181391;20157.56759;60;238.6313065;21072.59092;21.84634095;205.2929172;15719
318.4801455;20157.56759;60;236.0861104;21072.59092;21.72952417;205.2929172;15719
318.2782878;20157.56759;60;236.085066;21072.59092;21.72947611;205.2929172;15719
318.2293417;20157.56759;60;235.9455699;21072.59092;21.72305549;205.2929172;15719
317.728836;20157.56759;60;236.0157062;21072.59092;21.7262839;205.2929172;15719
317.659643;20979.02001;61;235.930434;21799.83597;21.72235871;208.8053446;15719
317.4085198;314.1411153;50337;235.6740338;228.8708028;21.71055199;21.39489672;15719
326.8981651;21256.67961;62;237.3412025;22065.02243;21.78720737;210.0715232;15719
316.4261428;21256.67961;62;235.9021431;22065.02243;21.72105629;210.0715232;15719
316.1714863;21256.67961;62;235.88109;22065.02243;21.72008702;210.0715232;15719
316.0987959;20615.04076;64;235.7572719;21398.24993;21.71438564;206.8731492;15719
315.957489;19372.14585;65;235.4421979;19447.87158;21.69987087;197.2200374;15719
315.517449;19420.12007;66;235.9535733;19499.5519;21.72342391;197.4819075;15719
315.3878072;317.4129372;52206;235.8779586;234.1366092;21.71994284;21.63962149;15719
326.3667816;353.8303417;52397;237.3642495;248.4411844;21.78826517;22.29085842;15719
353.8303417;353.8303417;52397;248.4411844;248.4411844;22.29085842;22.29085842;15719
353.8303417;353.8303417;52397;248.4411844;248.4411844;22.29085842;22.29085842;15719
353.8303417;2960.074598;1;248.4411844;2968.71809;22.29085842;77.05476092;15719
362.223188;16518.09641;5;254.8234572;26816.80075;22.57536078;231.5892949;15719
359.7155987;1762.040357;7;253.5707883;2411.891028;22.5198041;69.45345245;15719
357.4540326;1455.115924;12;253.2663774;2040.834557;22.50628256;63.88794185;15719
354.10231;2355.673994;15;252.4717375;3565.504633;22.47094735;84.4453034;15719
351.9076256;1376.455081;18;251.6800645;1784.009148;22.43568873;59.73289125;15719
351.143001;11547.69853;20;251.1657623;13031.10405;22.41275362;161.4379388;15719
349.7616943;11353.81452;21;249.939689;12776.80324;22.35798242;159.8549545;15719
347.9081613;11353.81452;21;249.4292048;12776.80324;22.33513845;159.8549545;15719
345.8055598;22110.89529;24;248.7202609;22593.21929;22.30337467;212.5710201;15719
343.9075002;22110.89529;24;248.1482019;22593.21929;22.27771092;212.5710201;15719
343.1878269;22110.89529;24;248.1038316;22593.21929;22.27571914;212.5710201;15719
342.305913;22110.89529;24;248.0428099;22593.21929;22.27297959;212.5710201;15719
341.7919395;22959.83993;25;247.9139386;23322.02984;22.26719285;215.9723586;15719
341.2760385;979.3740359;184;247.7358875;932.5252928;22.25919529;43.18623144;15719
346.2110756;22903.88639;26;246.7457034;23258.09608;22.21466648;215.6761279;15719
341.1379883;22903.88639;26;246.72367;23258.09608;22.21367462;215.6761279;15719
340.6558641;22903.88639;26;246.3039962;23258.09608;22.19477399;215.6761279;15719
340.3535705;24576.44999;28;246.1934998;24842.72413;22.18979494;222.902329;15719
339.5588413;24576.44999;28;245.9724624;24842.72413;22.17983149;222.902329;15719
339.1887618;24646.71673;29;245.8178264;24909.56326;22.17285847;223.2019859;15719
338.8107202;24475.30817;30;245.8827792;24805.45041;22.17578766;222.7350462;15719
338.3174509;24526.1153;31;245.8313473;24877.65444;22.17346826;223.0589807;15719
338.0874014;23080.17442;32;245.8096033;23402.69642;22.17248761;216.3455404;15719
337.9958755;27887.99089;34;245.7648277;27983.09188;22.17046809;236.5717307;15719
337.3887645;24096.15456;37;245.6348872;24433.94294;22.16460634;221.0608194;15719
336.6222381;25608.53514;39;245.2279989;25794.17849;22.14624117;227.1307046;15719
336.2292825;28451.72118;44;245.0220788;28745.68708;22.13694102;239.7735894;15719
330.6893142;28451.72118;44;245.2388411;28745.68708;22.14673073;239.7735894;15719
330.5331528;28451.72118;44;245.1788909;28745.68708;22.14402361;239.7735894;15719
330.0588161;28466.06587;45;245.2036825;28759.379;22.14514315;239.8306861;15719
329.6652405;25212.47206;47;245.1706732;25202.44584;22.14365251;224.5103376;15719
329.3265572;25567.16048;48;244.8175563;25560.17183;22.12770012;226.0980841;15719
327.3438577;25567.16048;48;244.6738264;25560.17183;22.12120369;226.0980841;15719
326.9667467;25567.16048;48;244.5763629;25560.17183;22.11679737;226.0980841;15719
326.328677;26418.76396;49;244.5224951;26448.16398;22.11436163;229.9920172;15719
325.7993939;26351.09473;51;244.5545309;26379.04822;22.11581022;229.6913069;15719
325.4300354;22404.59276;63;244.5104408;22484.5348;22.11381653;212.0591182;15719
327.4537263;334.9176785;52342;244.0570119;241.5068326;22.09330269;21.97757187;15719
340.308401;353.8303417;52397;244.1373376;248.4411844;22.09693814;22.29085842;15719
353.8303417;353.8303417;52397;248.4411844;248.4411844;22.29085842;22.29085842;15719
353.8303417;353.8303417;52397;248.4411844;248.4411844;22.29085842;22.29085842;15719
353.8303417;353.8303417;52397;248.4411844;248.4411844;22.29085842;22.29085842;15719
353.8303417;NaN;0;248.4411844;NaN;22.29085842;NaN;15719
362.7556392;NaN;0;254.9011849;NaN;22.57880355;NaN;15719
362.4130555;458.5441469;1;255.163592;505.0050505;22.5904224;31.78065608;15719
357.6543522;384421.9954;5;253.5735756;410461.5037;22.51992787;906.048016;15719
354.518767;379651.5287;6;254.2714244;405899.1829;22.55089463;900.9985381;15719
353.2839554;351524.2524;8;253.979276;376789.8856;22.53793584;868.0897253;15719
351.1402664;182590.2313;11;252.2521552;190509.2519;22.4611734;617.2669632;15719
350.4348509;169493.5266;14;252.0411062;176529.3619;22.45177526;594.1874484;15719
347.5683853;128003.1612;16;250.4214714;131881.2768;22.37952061;513.5781865;15719
345.4886711;109015.7063;17;250.0671828;111291.6493;22.36368408;471.7873448;15719
342.2560171;93154.36838;18;250.5359525;94629.37817;22.38463547;435.0387987;15719
341.9953839;55480.41819;20;250.3948393;55988.85148;22.37833056;334.6306964;15719
340.4712239;49683.33528;22;247.6240801;49992.75683;22.25417175;316.2048603;15719
338.5372436;49683.33528;22;246.8126289;49992.75683;22.21767895;316.2048603;15719
338.3286968;353.8303417;52397;246.6457345;248.4411844;22.21016589;22.29085842;15719
349.6826413;353.8303417;52397;247.1534102;248.4411844;22.23301195;22.29085842;15719
353.8303417;NaN;0;248.4411844;NaN;22.29085842;NaN;15719
362.5775707;35629.34917;3;254.8366441;35825.00609;22.5759449;267.675199;15719
360.7267084;49786.585;4;254.5717329;49449.42299;22.56420763;314.4818691;15719
360.2666328;89163.41149;5;254.5519048;112573.0301;22.56332887;474.4955849;15719
358.0567647;89163.41149;5;255.5044055;112573.0301;22.605504;474.4955849;15719
357.0017076;77015.36207;7;255.3184718;106205.206;22.59727735;460.8800408;15719
355.4837668;77780.24105;10;255.0224423;104053.0986;22.58417332;456.1865815;15719
353.2932967;84073.44495;12;252.5973987;112440.3937;22.47653882;474.2159712;15719
352.3866771;74723.60859;18;252.4330115;90730.99245;22.46922391;425.98355;15719
351.7329953;62692.41833;21;252.3816871;71128.84104;22.46693958;377.1706273;15719
350.3679897;59526.11486;22;251.9675701;68077.24767;22.44849973;368.991186;15719
349.0086781;59347.17202;23;252.2857793;67340.78757;22.46267034;366.9898842;15719
347.9257911;59433.19558;24;251.9673215;66692.31283;22.44848866;365.2185998;15719
347.584944;49850.43312;26;251.6924255;58650.14497;22.43623968;342.4912991;15719
347.0015101;43021.37933;28;251.2908725;47586.69713;22.41833502;308.5018546;15719
346.3002042;43302.58888;29;251.3102878;47911.56715;22.41920105;309.5531203;15719
345.1290212;42905.48154;32;250.2639092;46912.8918;22.37247904;306.3099469;15719
344.6745397;42729.48676;33;250.1660213;46372.55562;22.36810324;304.5408203;15719
342.6851328;37875.29554;36;249.7901311;39828.78359;22.35129218;282.2367219;15719
341.8919329;37725.76449;37;249.5911426;38809.81339;22.34238764;278.6029913;15719
340.2155014;31200.45936;38;248.8382061;31872.48141;22.30866227;252.4776482;15719
338.7857968;31200.45936;38;248.459506;31872.48141;22.29168033;252.4776482;15719
338.0345181;34463.93951;41;248.3539929;34923.5214;22.28694653;264.2859111;15719
336.9945955;34032.51359;42;248.1019391;34519.04003;22.27563418;262.7509849;15719
336.1710597;28002.91043;45;247.7118761;27843.05473;22.25811655;235.9790445;15719
335.4089649;28020.84747;47;246.4798786;27957.51659;22.20269707;236.463598;15719
327.1088136;28020.84747;47;246.1848657;27957.51659;22.18940584;236.463598;15719
326.9813821;26484.05299;48;246.1060851;26503.90047;22.18585518;230.2342306;15719
325.9463081;26484.05299;48;245.3289986;26503.90047;22.15080128;230.2342306;15719
325.3756092;23969.15568;49;245.0735657;24124.48133;22.13926673;219.6564651;15719
325.1678007;23969.15568;49;244.4995883;24124.48133;22.11332577;219.6564651;15719
325.0463384;23969.15568;49;244.3649719;24124.48133;22.10723736;219.6564651;15719
324.9730988;23027.97191;51;244.3716395;23216.729;22.10753896;215.4842407;15719
324.7154801;22351.5332;52;243.8737933;22574.15946;22.08500819;212.4813378;15719
324.0821596;22351.5332;52;243.8370483;22574.15946;22.08334432;212.4813378;15719
324.0030867;22351.5332;52;243.8551062;22574.15946;22.08416203;212.4813378;15719
323.6368751;22792.42698;53;243.3303178;23026.9309;22.06038612;214.6016351;15719
323.3080966;22792.42698;53;243.2834798;23026.9309;22.05826284;214.6016351;15719
322.7127596;22905.77989;54;243.0235983;23213.97001;22.0464781;215.4714367;15719
322.4676313;22544.25709;55;242.9589047;22702.25236;22.04354349;213.0833281;15719
322.0810839;22544.25709;55;242.5638786;22702.25236;22.02561593;213.0833281;15719
321.7381711;23163.33891;57;242.3536394;23575.56366;22.01606865;217.1431033;15719
321.4748714;23491.28344;58;241.9163137;24002.30583;21.99619575;219.0995474;15719
320.6085595;23491.28344;58;240.9750439;24002.30583;21.95336165;219.0995474;15719
320.5896114;23491.28344;58;240.9532588;24002.30583;21.95236929;219.0995474;15719
320.1937618;23491.28344;58;240.6512654;24002.30583;21.93860822;219.0995474;15719
319.984433;23049.49757;59;240.5961822;23498.31548;21.93609729;216.7870636;15719
319.5817336;23049.49757;59;240.2090199;23498.31548;21.91844063;216.7870636;15719
319.5108555;23049.49757;59;240.225759;23498.31548;21.91920432;216.7870636;15719
319.0439511;18981.15169;62;240.0623137;19591.06844;21.91174633;197.9447824;15719
318.4819186;18972.79282;63;239.8716003;19561.97179;21.9030409;197.797734;15719
318.3854723;18821.76917;64;239.6083159;19179.16546;21.89101715;195.8528298;15719
318.0742837;18708.39146;66;239.0265326;19067.83967;21.86442465;195.283587;15719
317.1482697;17164.4513;68;239.2536152;17298.427;21.87480812;186.0022957;15719
316.6633167;16524.81841;69;238.9261091;16664.83262;21.85983116;182.56414;15719
316.2493977;16524.81841;69;238.0210302;16664.83262;21.81838813;182.56414;15719
316.1622811;16524.81841;69;237.7339702;16664.83262;21.80522736;182.56414;15719
315.8643867;16524.81841;69;236.9983197;16664.83262;21.77146388;182.56414;15719
315.81583;16524.81841;69;236.9666795;16664.83262;21.77001054;182.56414;15719
315.7214941;16524.81841;69;236.9396584;16664.83262;21.7687693;182.56414;15719
315.6103751;16524.81841;69;236.6412383;16664.83262;21.75505635;182.56414;15719
315.4460685;16524.81841;69;236.7358715;16664.83262;21.75940585;182.56414;15719
315.3735994;16524.81841;69;236.6032358;16664.83262;21.75330944;182.56414;15719
315.3437362;16524.81841;69;236.5372881;16664.83262;21.75027761;182.56414;15719
315.1861329;9789.418423;105;236.228685;9784.755208;21.73608452;139.8910662;15719
318.2812618;15360.33497;70;236.2291044;15461.63306;21.73610381;175.850124;15719
315.1912719;8607.62832;119;234.8999795;8568.440718;21.67486929;130.907912;15719
318.8448002;15360.33497;70;235.0897845;15461.63306;21.68362444;175.850124;15719
315.2830454;11088.57993;94;235.1297063;11014.08655;21.68546547;148.4189109;15719
317.0187474;327.3296349;52286;234.7704044;234.3357285;21.66889035;21.64882115;15719
330.4063174;15360.33497;70;237.8342221;15461.63306;21.80982449;175.850124;15719
317.8730718;1779.142702;382;235.7610468;1691.80871;21.71455948;58.16886986;15719
325.14134;330.3115897;52320;236.3520341;237.858366;21.74175863;21.81093148;15719
333.7302733;15360.33497;70;238.7253805;15461.63306;21.8506467;175.850124;15719
319.4936256;329.4295975;52313;236.778402;237.5327516;21.76136034;21.79599741;15719
333.115557;476.2490531;1977;238.562143;359.4134657;21.84317481;26.81094798;15719
327.7115977;14307.5385;74;237.3780507;14375.52492;21.78889858;169.5613454;15719
319.1300871;14307.5385;74;236.9223217;14375.52492;21.76797288;169.5613454;15719
318.9723406;14307.5385;74;236.719401;14375.52492;21.7586489;169.5613454;15719
318.9315428;14307.5385;74;236.6948369;14375.52492;21.75751994;169.5613454;15719
318.7420908;14307.5385;74;236.9035994;14375.52492;21.76711278;169.5613454;15719
318.6993638;14307.5385;74;236.7946034;14375.52492;21.76210483;169.5613454;15719
318.554615;14307.5385;74;236.8515302;14375.52492;21.76472055;169.5613454;15719
318.5082224;323.7153567;52234;236.7548939;232.0572578;21.76028005;21.54331719;15719
329.7602722;14307.5385;74;237.555086;14375.52492;21.79702209;169.5613454;15719
318.3991924;14307.5385;74;236.6865187;14375.52492;21.75713762;169.5613454;15719
318.2617084;14307.5385;74;236.4907553;14375.52492;21.74813809;169.5613454;15719
318.1898751;14070.18542;75;236.3014858;14119.72649;21.73943356;168.0459847;15719
317.889148;14070.18542;75;236.1917897;14119.72649;21.73438702;168.0459847;15719
317.8068006;14070.18542;75;235.9629596;14119.72649;21.72385599;168.0459847;15719
317.7519986;14070.18542;75;235.8662184;14119.72649;21.71940231;168.0459847;15719
317.570901;14070.18542;75;235.357521;14119.72649;21.69596833;168.0459847;15719
317.467684;353.8303417;52397;235.2102273;248.4411844;21.68917828;22.29085842;15719
336.6649293;11234.3415;2;239.5851618;15728.44151;21.88995943;177.3608836;15719
320.9133881;2118.882641;5;238.0727105;2360.022517;21.82075665;68.7025839;15719
319.9244;2892.169698;6;235.2241011;3379.712884;21.68981794;82.21572701;15719
319.8629676;1961.535035;7;235.1942792;2131.954402;21.68844297;65.29861257;15719
319.7774779;2017.763864;9;235.0157798;2277.571479;21.68021124;67.49179919;15719
319.7121533;313.7161529;51228;234.9802226;216.4627349;21.67857111;20.80686112;15719
329.0581231;2080.100051;10;236.3255608;2358.159016;21.74054097;68.67545436;15719
319.3923593;1657.248484;11;234.8174324;1812.69087;21.67106054;60.21114299;15719
319.1837978;1657.248484;11;234.8617318;1812.69087;21.67310461;60.21114299;15719
319.0928699;1657.248484;11;234.9458542;1812.69087;21.67698569;60.21114299;15719
318.9731941;1657.248484;11;234.8183381;1812.69087;21.67110233;60.21114299;15719
318.5907731;2009.11615;12;235.0268683;2191.111285;21.68072269;66.19835776;15719
318.3342145;2265.30134;14;234.139248;2441.616814;21.63974344;69.88013757;15719
318.1644033;2265.30134;14;233.8970739;2441.616814;21.62854937;69.88013757;15719
318.1091818;2492.331843;15;233.7483642;2664.857158;21.62167266;73.00489241;15719
317.8719837;2492.331843;15;233.244466;2664.857158;21.59835484;73.00489241;15719
317.7791777;2492.331843;15;232.9966512;2664.857158;21.58687801;73.00489241;15719
317.7383562;2595.443043;16;233.0294949;2752.326313;21.58839943;74.19334624;15719
317.7051839;2595.443043;16;233.0474667;2752.326313;21.58923189;74.19334624;15719
317.6844213;2595.443043;16;233.0761792;2752.326313;21.59056179;74.19334624;15719
317.65719;2595.443043;16;233.1179136;2752.326313;21.5924947;74.19334624;15719
317.6411424;10740.29589;17;233.0689608;12795.92709;21.59022746;159.9745423;15719
317.5411724;4924.766065;212;233.0033003;4842.994718;21.58718603;98.41742445;15719
322.0340439;10667.69511;18;232.6292178;12716.86352;21.56985015;159.4795506;15719
317.3358254;10667.69511;18;232.5982748;12716.86352;21.56841555;159.4795506;15719
317.2875536;10910.05656;19;232.5311543;13078.99547;21.56530335;161.7343221;15719
317.25318;5526.56894;21;232.4520448;6810.413332;21.56163467;116.7082973;15719
317.1683989;7041.981033;23;232.2493432;7292.222626;21.55223159;120.7660766;15719
316.8216099;7041.981033;23;232.2439028;7292.222626;21.55197916;120.7660766;15719
316.7858826;7041.981033;23;232.1332656;7292.222626;21.54684504;120.7660766;15719
316.6765271;7377.93373;24;232.0913892;7678.237878;21.54490145;123.9212482;15719
315.020421;6976.552331;163;231.9250397;6918.105875;21.537179;117.6274277;15719
317.8020175;7081.275489;25;231.6294239;7491.879919;21.52344879;122.408169;15719
314.960376;9650.391229;26;230.9681743;10067.91374;21.49270454;141.9007663;15719
314.9102652;8737.602228;27;230.9230661;8919.958681;21.49060567;133.5661535;15719
313.8629133;8737.602228;27;231.022326;8919.958681;21.49522394;133.5661535;15719
313.8389814;8737.602228;27;230.9991892;8919.958681;21.49414754;133.5661535;15719
313.8126721;325.675956;52294;230.9615114;234.5500737;21.49239454;21.65871989;15719
329.3421949;8318.674801;28;235.0186207;8526.698136;21.68034228;130.5886529;15719
315.4273017;7519.661768;30;232.0670745;7705.112507;21.54377286;124.1379274;15719
315.2158387;6034.752204;31;231.6643763;6249.278463;21.52507265;111.7969451;15719
315.1390645;6034.752204;31;231.393282;6249.278463;21.51247462;111.7969451;15719
315.087209;6302.604453;32;231.2177598;6757.807823;21.50431398;116.25668;15719
313.5997711;6302.604453;32;231.9294912;6757.807823;21.53738569;116.25668;15719
313.2743523;5428.805324;33;230.5213264;5931.159129;21.4719038;108.9142702;15719
312.6800549;5428.805324;33;230.4934961;5931.159129;21.47060764;108.9142702;15719
312.6063373;5500.690955;34;230.1967149;5986.505347;21.45678051;109.4212534;15719
310.5302387;5583.305226;35;230.2640341;6075.494329;21.45991771;110.231523;15719
310.3982862;6572.014298;37;229.962408;7039.752754;21.44585778;118.6570921;15719
310.3583959;7241.174446;40;229.8212592;7693.332015;21.43927514;124.0429927;15719
310.2214099;7241.174446;40;229.3954435;7693.332015;21.41940445;124.0429927;15719
310.1787441;323.9479637;52268;229.2726289;231.1245836;21.41366988;21.49998063;15719
325.6926602;7241.174446;40;233.4229792;7693.332015;21.60661839;124.0429927;15719
312.8890472;7115.414809;41;229.7259816;7578.762945;21.43483061;123.1159043;15719
312.7029755;10107.02548;42;229.0284886;10468.05135;21.4022657;144.6931329;15719
312.691997;11096.81613;44;228.9934033;11454.76171;21.40062631;151.3589225;15719
312.6410858;11096.81613;44;228.9618052;11454.76171;21.39914976;151.3589225;15719
312.5987482;4060.12303;301;228.825643;4021.026906;21.39278584;89.67749892;15719
317.4642994;10474.17576;45;229.8019044;10826.68554;21.43837235;147.1508447;15719
312.556829;1233.433445;809;228.854332;1149.048351;21.39412686;47.93846788;15719
319.2935662;11169.13714;46;230.3941777;11521.25569;21.46598135;151.7976001;15719
312.499259;11169.13714;46;228.732976;11521.25569;21.38845371;151.7976001;15719
309.977711;11169.13714;46;228.8708751;11521.25569;21.3949001;151.7976001;15719
309.9243791;11169.13714;46;228.7309188;11521.25569;21.38835752;151.7976001;15719
309.7792814;7667.61291;153;228.3327215;7662.439799;21.36973194;123.7936977;15719
311.3522481;8010.082977;51;228.4588893;8466.261322;21.37563516;130.125027;15719
309.858302;7801.801798;67;228.0292625;8044.384166;21.3555268;126.8415087;15719
310.2490693;10173.93122;50;227.9919901;10615.83878;21.3537814;145.7109384;15719
309.631629;10173.93122;50;227.8368256;10615.83878;21.3465138;145.7109384;15719
309.2429047;10173.93122;50;227.7518701;10615.83878;21.34253359;145.7109384;15719
309.2041881;10173.93122;50;227.6442535;10615.83878;21.33749064;145.7109384;15719
309.1207676;8669.604446;59;227.4200937;8970.174645;21.32698262;133.9415891;15719
309.4360449;10283.65286;51;227.4367302;10731.42105;21.32776267;146.5020208;15719
308.9711975;10283.65286;51;226.9685196;10731.42105;21.30579825;146.5020208;15719
308.9233524;6425.994442;181;226.8328513;6435.505755;21.29942963;113.4504804;15719
311.0699062;10283.65286;51;227.4662589;10731.42105;21.32914714;146.5020208;15719
308.8358157;9258.104476;53;226.4692376;9785.169959;21.28235126;139.894031;15719
