of_list;of_pen_list;rr_round_list;of_val_list;RMSE_val_list;Var7
363.7815746;363.7815757;0;255.1577757;22.59016493;15719
362.6522122;362.6522133;3;254.7545694;22.57230911;15719
352.3558778;352.3558789;8;253.0739637;22.49773161;15719
350.0789756;350.0789767;9;252.8718846;22.48874761;15719
349.5967595;349.5967606;13;252.1413345;22.45623898;15719
346.8492576;346.8492587;15;252.748729;22.48327063;15719
346.0434191;346.0434202;15;252.5345791;22.47374375;15719
344.6551614;344.6551625;16;252.1220163;22.4553787;15719
343.9722034;343.9722045;18;251.8179032;22.44183162;15719
342.6733641;342.6733652;19;250.8706921;22.39958446;15719
342.138429;342.1384301;20;250.5300128;22.38437012;15719
341.4015216;341.4015227;22;250.2272576;22.37084074;15719
339.4415064;339.4415075;22;248.4310819;22.29040519;15719
338.4963358;338.4963369;23;248.1063368;22.2758316;15719
336.9605522;336.9605533;25;245.6074187;22.16336701;15719
336.0500811;336.0500822;25;243.7381688;22.07886631;15719
335.8491221;335.8491232;26;243.768421;22.08023646;15719
334.2686658;334.2686671;401;243.4562137;22.06609225;15719
342.1163642;342.1163642;52397;244.9438776;22.13340812;15719
353.8303417;353.8303417;52397;248.4411844;22.29085842;15719
353.8303417;353.8303428;0;248.4411844;22.29085842;15719
361.5018328;361.5018339;3;254.5452353;22.56303327;15719
360.6626765;360.6626776;6;254.336476;22.55377911;15719
357.7371306;357.7371317;8;252.1494303;22.45659949;15719
356.8758229;356.875824;8;251.7826478;22.44026059;15719
355.6422217;355.6422228;9;251.6303156;22.43347123;15719
354.6851725;354.6851736;10;251.5149711;22.42832901;15719
353.3845671;353.3845682;12;249.8557572;22.35422811;15719
351.8543012;351.8543023;16;246.4886308;22.20309126;15719
350.9582122;350.9582133;16;246.2733364;22.19339255;15719
343.9070929;343.907094;18;245.71812;22.16836124;15719
343.2937064;343.2937075;18;245.7112926;22.16805326;15719
342.3733427;342.3733438;18;245.5865298;22.1624245;15719
341.0136537;341.0136548;19;245.4257701;22.1551696;15719
340.5382811;340.5382822;21;245.2909083;22.14908162;15719
339.883109;339.8831101;22;245.1015798;22.14053205;15719
337.9006697;337.9006708;23;244.7451969;22.1244298;15719
337.0571088;337.0571099;24;244.0852291;22.09457984;15719
335.9073723;335.9073734;24;243.8305635;22.08305067;15719
334.408141;334.4081421;25;243.6876696;22.07657898;15719
334.0068957;334.0068968;25;243.5670529;22.07111474;15719
333.3408657;333.3408668;27;243.5145445;22.06873556;15719
328.3252643;328.3252654;28;243.1244082;22.05105023;15719
327.4336498;327.4336511;141;242.9238548;22.0419534;15719
334.0967009;334.096702;29;243.4982299;22.06799628;15719
325.1515283;325.1515294;31;242.3181169;22.01445511;15719
324.0090507;324.0090518;31;241.3357684;21.96978691;15719
322.9522786;322.9522797;31;241.1637863;21.96195739;15719
322.8673984;322.8673995;31;241.1375252;21.96076161;15719
322.2758038;322.2758049;33;241.1804031;21.962714;15719
316.9824941;316.9824952;33;240.9120988;21.95049425;15719
316.3103253;316.3103266;138;240.5580969;21.93436103;15719
322.5015937;322.5015946;52356;240.4324351;21.92863129;15719
336.02114;336.02114;52397;243.4714003;22.06678048;15719
353.8303417;353.8303417;52397;248.4411844;22.29085842;15719
353.8303417;353.8303417;52397;248.4411844;22.29085842;15719
353.8303417;353.8303417;52397;248.4411844;22.29085842;15719
353.8303417;353.8303417;52397;248.4411844;22.29085842;15719
353.8303417;353.8303417;52397;248.4411844;22.29085842;15719
353.8303417;353.8303417;52397;248.4411844;22.29085842;15719
353.8303417;353.8303428;0;248.4411844;22.29085842;15719
361.7305801;361.7305812;7;254.684981;22.569226;15719
357.4868976;357.4868987;9;250.2897544;22.37363423;15719
355.8931305;355.8931317;13;249.9816183;22.3598577;15719
355.8224972;355.8224983;13;249.7899277;22.35128308;15719
354.2279184;354.2279195;13;249.1371919;22.32206047;15719
344.9924282;344.9924293;17;248.0629606;22.27388429;15719
343.3456766;343.3456777;18;247.4292397;22.24541479;15719
341.3798616;341.3798627;22;246.9976899;22.22600683;15719
330.2318286;330.2318297;22;246.6097572;22.20854597;15719
329.3862585;329.3862596;23;246.4109435;22.19959205;15719
329.0507872;329.0507883;23;246.1872075;22.18951137;15719
328.7152026;328.7152037;26;246.2500179;22.19234183;15719
327.5673137;327.5673148;26;245.6272769;22.16426299;15719
327.5071176;327.5071189;52256;245.5050323;22.15874691;15719
336.3466196;336.3466207;27;245.4550986;22.15649334;15719
329.2532504;329.2532515;27;245.5053288;22.15876029;15719
328.4708292;328.4708303;28;244.9964428;22.13578292;15719
328.3117451;328.3117462;29;244.9990531;22.13590084;15719
327.7915639;327.791565;30;244.4383607;22.11055679;15719
327.1920207;327.1920218;31;243.7724873;22.08042062;15719
325.1831353;325.1831364;32;244.4308004;22.11021485;15719
324.8409209;324.840922;33;244.3041757;22.10448713;15719
322.8388862;322.8388873;33;241.5622534;21.98009342;15719
322.4272919;322.427293;33;241.4603819;21.97545822;15719
322.2843271;322.2843282;36;241.4858679;21.97661793;15719
321.6884295;321.6884306;36;241.0043992;21.95469878;15719
321.4856159;321.485617;37;240.8416778;21.94728583;15719
321.1381083;321.1381094;37;240.5832657;21.93550846;15719
321.052892;321.0528931;39;240.6211984;21.93723768;15719
319.3962643;319.3962654;40;239.4238298;21.88258805;15719
319.2194426;319.2194437;42;239.3948745;21.88126479;15719
317.4678069;317.467808;42;237.4106871;21.79039638;15719
317.2185469;317.218547;52397;237.411849;21.7904497;15719
343.1695506;343.1695506;52397;245.0261074;22.137123;15719
353.8303417;353.8303417;52397;248.4411844;22.29085842;15719
353.8303417;353.8303417;52397;248.4411844;22.29085842;15719
353.8303417;353.8303417;52397;248.4411844;22.29085842;15719
353.8303417;353.8303428;0;248.4411844;22.29085842;15719
362.3853235;362.3853246;1;254.7910755;22.57392635;15719
360.8388057;360.8388609;5;254.0157331;22.53955337;15719
358.754255;358.7543101;8;253.6753082;22.52444486;15719
358.1841833;358.1842384;11;253.8059309;22.53024327;15719
356.5699502;356.5700053;13;253.1529266;22.50124115;15719
355.8383228;355.8383779;13;252.7683424;22.48414297;15719
355.6431936;355.6432487;14;252.797237;22.48542804;15719
355.1969079;355.196963;17;252.6410218;22.47847957;15719
351.4485866;351.4486418;21;250.9434511;22.40283246;15719
349.5763577;349.5764128;23;250.3588437;22.376722;15719
347.7599607;347.7600158;26;249.2326241;22.32633531;15719
346.1651118;346.165167;27;249.0791539;22.31946029;15719
345.0230892;345.0231443;32;248.7913998;22.30656405;15719
341.2955296;341.2955847;35;246.5481324;22.20577098;15719
333.9400782;333.9401333;36;245.7184593;22.16837654;15719
333.4885713;333.4886264;38;245.6361407;22.1646629;15719
327.9954944;327.9955495;39;245.0437929;22.1379219;15719
326.6777746;326.6778297;39;243.1970661;22.05434497;15719
325.759352;325.7594071;40;243.030667;22.04679872;15719
324.4502781;324.4503332;40;241.8025293;21.99102223;15719
324.1105671;324.1105672;52397;241.7528116;21.98876129;15719
347.1690652;347.1691203;0;246.7423851;22.2145171;15719
342.7295668;342.729622;3;251.2066014;22.41457568;15719
341.5105222;341.5105773;6;250.4852481;22.38237021;15719
340.8126699;340.812725;7;250.3295403;22.37541241;15719
340.5408689;340.5409241;11;249.9995195;22.36065828;15719
339.3847162;339.3847713;14;249.4095934;22.33426038;15719
337.796983;337.7970381;15;248.7298665;22.30380535;15719
337.1601014;337.1601565;15;248.1477301;22.27768974;15719
337.0074921;337.0075472;15;248.1566125;22.27808845;15719
336.7542898;336.754345;16;248.0480013;22.27321267;15719
336.3642083;336.3642634;18;247.9256435;22.2677185;15719
334.9293726;334.9294278;18;247.8087969;22.26247052;15719
334.3143702;334.3144253;18;247.5784142;22.25211964;15719
333.8209068;333.8209619;19;247.3261964;22.2407822;15719
325.3011562;325.3012114;19;247.1537094;22.23302541;15719
325.2343284;325.2343835;19;247.120804;22.23154534;15719
325.0407382;325.0407933;20;246.6613908;22.2108708;15719
324.878524;324.8785791;23;246.5021888;22.20370189;15719
324.2575232;324.2575783;25;245.8994234;22.17653821;15719
322.8130769;322.813132;25;242.763985;22.03469923;15719
322.680306;322.6803611;25;242.6685161;22.03036614;15719
322.3212346;322.3212897;26;242.3682678;22.01673308;15719
321.9674279;321.967483;26;242.8834921;22.04012215;15719
321.6837075;321.6837626;26;242.5291661;22.02403987;15719
320.815977;320.8160321;26;242.4659194;22.02116797;15719
320.3308393;320.3308944;26;242.2989295;22.01358351;15719
319.8721652;319.8722291;98;242.1930423;22.0087729;15719
326.2205468;326.2206019;26;241.7136096;21.9869784;15719
320.6318992;320.6319542;26;242.1708186;22.00776311;15719
320.3416154;320.3416705;27;242.027315;22.00124155;15719
319.2594288;319.2594839;28;241.8285699;21.99220634;15719
319.122671;319.1227261;28;241.6166345;21.98256739;15719
318.9964564;318.9965115;28;241.4515538;21.97505649;15719
318.5012547;318.5013098;29;241.4422129;21.97463142;15719
318.391047;318.3911021;29;241.3338946;21.96970162;15719
318.2834797;318.2835348;29;241.2647285;21.96655314;15719
318.121067;318.1211221;30;241.0484928;21.95670708;15719
318.0171971;318.0172521;31;240.8713251;21.94863663;15719
317.5501226;317.5501669;52364;240.8037009;21.9455554;15719
336.7873241;336.7873241;52397;242.463548;22.02106028;15719
353.8303417;353.8303417;52397;248.4411844;22.29085842;15719
353.8303417;353.8303417;52397;248.4411844;22.29085842;15719
353.8303417;353.8303417;52397;248.4411844;22.29085842;15719
353.8303417;353.8303968;1;248.4411844;22.29085842;15719
361.0987309;361.0987861;4;253.6075547;22.52143666;15719
359.8298803;359.8299355;7;252.8472609;22.48765265;15719
359.1073365;359.1073916;9;252.6966867;22.48095579;15719
357.5824779;357.582533;12;252.4517604;22.47005832;15719
351.6736698;351.6737249;13;251.8258801;22.44218706;15719
351.1032953;351.1033505;17;251.7772587;22.44002044;15719
347.7779038;347.7779589;19;251.4169993;22.42396037;15719
345.8144551;345.8145102;22;250.1998269;22.36961452;15719
345.3030253;345.3030804;23;250.2193866;22.37048889;15719
344.2750186;344.2750737;25;249.0578096;22.31850397;15719
342.5829209;342.582976;27;248.6264168;22.29916666;15719
340.3894005;340.3894556;29;247.8953316;22.26635721;15719
339.5669791;339.5670342;30;247.8581146;22.2646857;15719
339.0492487;339.0493038;31;247.5621582;22.25138909;15719
338.7369098;338.7369649;32;247.3686009;22.24268873;15719
337.8991489;337.899204;33;247.336603;22.2412501;15719
337.5840197;337.5840748;34;247.0008598;22.22614946;15719
337.1915869;337.1916419;35;246.8197583;22.21799983;15719
336.507472;336.5075271;36;246.5277433;22.20485277;15719
335.7607928;335.7608479;37;246.5811504;22.20725784;15719
334.8564916;334.8565467;38;246.1230363;22.18661922;15719
333.6586657;333.6587208;41;246.0267006;22.18227673;15719
332.2560282;332.2560832;41;245.8313165;22.17346687;15719
327.075096;327.0751511;41;246.2416185;22.19196334;15719
326.5927383;326.5927934;41;246.3155341;22.19529383;15719
326.5316348;326.5316898;43;246.2469167;22.19220209;15719
326.0161731;326.0162282;43;245.6091609;22.16344562;15719
325.7147261;325.7147812;43;245.583785;22.16230065;15719
325.5029862;325.5030413;43;245.5652757;22.16146546;15719
325.1566262;325.1566813;45;245.5036622;22.15868508;15719
324.8931664;324.8932215;45;245.1773586;22.14395442;15719
324.7872918;324.7873568;52248;245.173744;22.14379118;15719
335.2271683;335.2272234;47;244.3575278;22.10690063;15719
324.4133894;324.4134445;47;244.832516;22.12837617;15719
323.9484097;323.9484648;47;244.6970624;22.12225406;15719
323.834639;323.8346941;49;244.7177392;22.1231887;15719
323.3626653;323.3654258;49;244.3721786;22.10756335;15719
322.9559173;322.9586777;50;244.0763406;22.09417754;15719
322.8933266;322.896087;50;244.0054826;22.09097022;15719
322.1531845;322.1559447;50;243.5627341;22.07091906;15719
321.6535299;321.6562901;50;243.6305756;22.07399264;15719
321.0830014;321.0857615;50;243.5097008;22.06851607;15719
320.9407973;320.9435574;50;243.1927247;22.05414812;15719
320.850843;320.8538553;72;243.1567919;22.05251876;15719
323.6284524;323.6306946;52352;242.375523;22.01706261;15719
337.6307557;337.6307557;52397;243.3233423;22.06006992;15719
353.8303417;353.8303417;52397;248.4411844;22.29085842;15719
353.8303417;353.8331056;0;248.4411844;22.29085842;15719
362.4188112;362.421575;2;254.6102295;22.56591365;15719
360.6195005;360.6222642;3;254.0047919;22.53906795;15719
360.0695393;360.072303;5;253.7765774;22.52894038;15719
359.5125448;359.5153083;8;253.8127681;22.53054673;15719
358.1632631;358.1660264;10;253.60658;22.52139338;15719
355.3188239;355.321587;12;252.8827365;22.48923015;15719
347.2566224;347.2593854;12;252.1516654;22.45669902;15719
346.5913659;346.5941288;14;251.807283;22.44135838;15719
344.1648902;344.1676528;17;249.4169772;22.33459098;15719
342.3244892;342.3272517;19;248.0374192;22.27273756;15719
341.0383614;341.0411236;21;247.5579767;22.25120117;15719
337.3006394;337.3034016;21;247.2075014;22.23544474;15719
336.695964;336.6987261;22;246.8847957;22.22092688;15719
335.7310699;335.7338319;22;246.5636076;22.20646787;15719
334.4013384;334.4041004;23;245.8811364;22.17571358;15719
334.2530191;334.2557809;24;245.8360926;22.17368227;15719
333.401216;333.4044897;52299;245.7164658;22.16828662;15719
341.396017;341.398779;24;245.8444962;22.17406125;15719
333.1891896;333.1919513;27;246.4506581;22.20138095;15719
331.3714696;331.3742313;29;244.4372165;22.11050504;15719
330.7900654;330.7928271;29;244.0046645;22.09093319;15719
330.6570103;330.6597719;31;243.9730781;22.0895033;15719
330.3460197;330.3487813;31;243.8138147;22.08229222;15719
330.2346665;330.2374279;32;243.8262651;22.08285603;15719
328.9254261;328.9281875;34;242.5255262;22.0238746;15719
328.5747354;328.5774967;35;242.1201877;22.0054624;15719
328.3078983;328.3106595;35;242.0300348;22.00136518;15719
328.1208306;328.1235918;36;241.865733;21.99389611;15719
327.584882;327.5876431;36;241.889863;21.9949932;15719
327.2666995;327.2694605;37;241.7576296;21.98898041;15719
326.6665202;326.6692812;38;241.2903956;21.96772158;15719
326.4605811;326.463342;39;241.1653422;21.96202824;15719
326.2082397;326.2110005;39;240.8669023;21.94843513;15719
325.6062584;325.6090191;42;240.7360446;21.94247227;15719
324.5840572;324.5868179;43;238.2640096;21.82952173;15719
324.2671295;324.26989;44;237.8809489;21.81196685;15719
323.0945726;323.0973331;44;238.1091497;21.82242652;15719
322.6727726;322.675533;44;237.8631261;21.81114972;15719
320.9990617;321.001822;44;237.9006237;21.81286885;15719
320.1229356;320.1256958;45;237.8902943;21.8123953;15719
320.0532742;320.0562407;52331;237.7952035;21.80803538;15719
334.8282024;334.8309633;45;241.2027553;21.96373171;15719
321.7828301;321.785591;46;240.7284979;21.94212833;15719
321.636373;321.6391338;48;240.525738;21.93288572;15719
321.4578732;321.460634;48;240.4619142;21.92997557;15719
321.2981323;321.3010958;67;240.1887082;21.91751392;15719
323.4482848;323.4510454;48;239.4718057;21.88478036;15719
320.4697509;320.4725115;48;239.1748634;21.87120771;15719
320.4279797;320.4307402;48;239.1655299;21.87078096;15719
320.1561763;320.1589367;51;238.9639583;21.86156254;15719
319.3035427;319.306303;52;237.3146359;21.78598797;15719
319.2294346;319.2321948;53;237.2697376;21.78392699;15719
318.0707379;318.073498;53;234.1687796;21.64110809;15719
318.0199116;318.0226717;53;234.153139;21.64038535;15719
317.9402778;317.9430378;54;234.1388078;21.6397231;15719
317.5048208;317.5075807;54;234.0382215;21.63507437;15719
316.9386053;316.9413652;56;234.1744423;21.64136975;15719
316.7117131;316.7144729;56;234.0211384;21.63428475;15719
316.5581321;316.561274;52277;233.8066128;21.62436648;15719
329.211662;329.211662;52397;236.9019467;21.76703686;15719
353.8303417;353.8331056;0;248.4411844;22.29085842;15719
362.5383489;362.5411125;6;254.8250128;22.57542969;15719
360.8310833;360.8338468;8;252.9977684;22.49434455;15719
358.417035;358.4197983;13;252.2587554;22.46146725;15719
357.380961;357.3837242;15;252.0545444;22.45237379;15719
356.6396024;356.6423654;16;251.8915532;22.44511319;15719
355.3669696;355.3697325;18;251.4131189;22.42378732;15719
353.4651174;353.4678802;18;251.3095849;22.41916969;15719
351.569364;351.5721264;24;250.8169687;22.39718593;15719
342.0939589;342.0967212;25;250.4902364;22.38259308;15719
341.8331493;341.8359116;25;250.3825456;22.37778119;15719
340.7879285;340.7907681;52374;249.9450576;22.35822254;15719
348.5533645;348.5533645;52397;247.8706067;22.26524676;15719
353.8303417;353.8303417;52397;248.4411844;22.29085842;15719
353.8303417;353.8303417;52397;248.4411844;22.29085842;15719
353.8303417;353.8303417;52397;248.4411844;22.29085842;15719
353.8303417;353.8331056;0;248.4411844;22.29085842;15719
362.1422071;362.1449706;7;254.6306592;22.56681897;15719
358.5604406;358.563204;9;251.4310712;22.4245879;15719
357.9954794;357.9982425;13;251.3704945;22.42188639;15719
355.1475638;355.1503267;19;247.1394831;22.23238553;15719
352.5514745;352.5542373;21;244.8629995;22.12975371;15719
351.9948141;351.9975768;22;244.6985708;22.12232224;15719
350.7119395;350.714702;23;244.3788363;22.10786449;15719
349.0008036;349.003566;25;243.4441972;22.06554768;15719
347.4773441;347.4801064;26;243.6096697;22.07304554;15719
347.0840037;347.0867659;27;243.4834458;22.06732634;15719
345.5735019;345.5762638;28;243.1803958;22.05358909;15719
342.4121661;342.5505845;30;242.163415;22.0074267;15719
342.0493323;342.1877466;32;241.8628684;21.99376586;15719
341.317155;341.4555657;33;241.4953659;21.97705012;15719
340.9217547;341.0601612;33;241.3704405;21.97136503;15719
339.8310284;339.9694275;34;241.3262686;21.9693545;15719
336.2969997;336.4353932;35;241.2342122;21.96516388;15719
335.9685941;336.1069853;36;241.1467176;21.96118019;15719
335.5288274;335.6672152;37;241.1494614;21.96130513;15719
334.9117001;335.0500807;40;241.2060012;21.96387949;15719
333.8407749;333.9791521;41;241.1350639;21.96064953;15719
333.0055284;333.1587642;59;240.7855783;21.94472958;15719
336.6473807;336.7857603;42;241.6768224;21.9853052;15719
332.9663166;333.1046884;43;241.1455336;21.96112627;15719
328.1024713;328.240841;43;240.3734777;21.92594252;15719
327.7694867;327.9078544;44;240.3700098;21.92578436;15719
327.542855;327.6812173;48;240.2762169;21.92150619;15719
326.8674011;327.0057601;48;238.9160257;21.85936988;15719
321.9630417;322.101398;49;238.2557422;21.82914301;15719
321.8467287;321.9850807;50;238.2765368;21.83009559;15719
321.4659155;321.6042663;50;238.7908009;21.85364047;15719
321.3512618;321.4896085;52;238.7666841;21.85253688;15719
320.8167298;320.9550719;53;238.1571299;21.82462508;15719
320.1898426;320.328182;53;237.2056256;21.78098371;15719
319.882926;320.037466;52336;237.1151578;21.77682979;15719
334.7544027;334.8927778;53;241.4400265;21.97453192;15719
323.1128321;323.2166189;52397;240.6892348;21.94033887;15719
339.5706479;339.7090594;2;243.503244;22.06822349;15719
326.6544297;326.7928378;3;243.9136224;22.08681156;15719
326.1560233;326.2944256;5;243.6471518;22.07474357;15719
325.3412318;325.4796323;5;243.0650283;22.04835723;15719
325.0357278;325.1741233;5;243.0405485;22.04724692;15719
324.3182961;324.4566887;6;242.7451368;22.03384382;15719
324.0634704;324.2018585;7;242.0613644;22.00278911;15719
323.6550257;323.793413;8;241.1747288;21.96245564;15719
323.5726561;323.7110422;9;241.2220938;21.96461216;15719
323.4218652;323.5602496;9;240.8629944;21.94825708;15719
323.2492823;323.3876608;11;240.6713826;21.93952518;15719
322.8900026;323.0283734;12;240.1108515;21.91396137;15719
321.277717;321.4160838;13;239.9736691;21.90770043;15719
320.3398497;320.4782138;15;239.3806224;21.88061345;15719
320.0824215;320.2207804;17;239.3886008;21.88097808;15719
319.4415615;319.5799165;18;239.0847536;21.86708731;15719
319.034792;319.1731434;21;238.6613299;21.84771521;15719
318.825329;318.9694553;52329;238.4166943;21.83651503;15719
333.1919422;333.3303041;23;240.1123409;21.91402934;15719
319.5639079;319.7022681;23;238.831558;21.85550539;15719
319.3491198;319.4874789;23;239.1447455;21.86983061;15719
319.2848094;319.4231576;28;239.1086516;21.86818015;15719
318.282619;318.4209648;30;238.7601694;21.85223876;15719
317.947783;318.0861226;32;238.733886;21.85103595;15719
317.1098812;317.2482331;33;236.3816582;21.74312113;15719
314.0687267;314.2070614;35;236.7154592;21.75846774;15719
313.9470812;314.0854129;35;236.5513679;21.75092494;15719
313.840364;313.9786931;35;236.2874894;21.73878973;15719
313.712941;313.8512679;35;235.9209782;21.7219234;15719
313.5079065;313.6462309;35;235.8743383;21.71977616;15719
313.3938733;313.5321972;36;235.626771;21.70837493;15719
313.34669;313.4850126;36;235.5750675;21.70599307;15719
313.2147003;313.35302;36;235.5213317;21.70351731;15719
313.0877541;313.2260728;36;235.1077534;21.68445311;15719
313.0455917;313.1839054;37;234.9678614;21.67800089;15719
312.7840242;312.9223371;39;233.9602078;21.63146818;15719
312.7370061;312.8938533;52276;233.9796043;21.63236484;15719
325.7712491;325.909577;40;237.1094297;21.77656675;15719
313.5043517;313.6426767;41;235.8348984;21.71796024;15719
313.1803702;313.3186945;41;235.7680403;21.71488155;15719
313.1627608;313.3010824;41;235.7354055;21.71337862;15719
313.0769668;313.2152877;42;235.5113043;21.70305528;15719
313.0419766;313.0419766;52397;235.4157129;21.69865032;15719
353.8303417;353.8303417;52397;248.4411844;22.29085842;15719
353.8303417;353.8303417;52397;248.4411844;22.29085842;15719
353.8303417;353.8303417;52397;248.4411844;22.29085842;15719
353.8303417;353.8303417;52397;248.4411844;22.29085842;15719
353.8303417;353.8303417;52397;248.4411844;22.29085842;15719
353.8303417;353.8303417;52397;248.4411844;22.29085842;15719
353.8303417;353.8303417;52397;248.4411844;22.29085842;15719
353.8303417;353.8303417;52397;248.4411844;22.29085842;15719
353.8303417;353.9688634;0;248.4411844;22.29085842;15719
362.3736145;362.512126;3;255.0290597;22.58446633;15719
359.1362486;359.2747549;3;255.7292554;22.6154485;15719
357.8212734;357.9597729;7;254.9549052;22.58118266;15719
356.8132214;356.9517149;9;254.9505754;22.58099092;15719
355.8752294;356.0137169;11;254.7012073;22.56994494;15719
347.8015619;347.9400338;16;253.9186276;22.53524474;15719
345.4139261;345.5523953;16;252.6468905;22.47874065;15719
344.9988041;345.1372657;19;252.6418444;22.47851616;15719
343.2680723;343.4065312;20;252.2603089;22.46153641;15719
342.8666757;343.0051279;25;252.0203202;22.45084944;15719
341.4223211;341.5607632;26;251.5262184;22.42883048;15719
336.3443161;336.4827548;28;249.715312;22.34794451;15719
335.8244339;335.9628686;29;249.4767023;22.33726493;15719
335.3078188;335.446249;29;249.5243211;22.33939664;15719
334.2380418;334.3764627;31;249.5155783;22.33900527;15719
326.5317835;326.6702017;32;249.0927716;22.32007041;15719
326.314277;326.4526827;34;248.8550012;22.30941511;15719
323.9946236;324.133026;34;248.3949985;22.28878635;15719
323.4137293;323.5521295;35;247.7304641;22.25895164;15719
323.0961656;323.2345592;36;247.5156828;22.24930034;15719
322.3807731;322.5191634;36;246.2761805;22.1935207;15719
321.7100055;321.8483848;39;246.1299367;22.18693024;15719
319.8980859;326.8333089;39;244.2562719;22.10231987;15719
319.306278;326.2414117;39;243.6089259;22.07301184;15719
319.1134291;327.2846377;152;243.44716;22.06568195;15719
326.8490046;333.7846031;39;243.2715466;22.05772185;15719
319.5895061;326.5249628;41;243.4423152;22.06546239;15719
319.2251242;326.1605204;41;242.9908268;22.04499158;15719
319.1077929;326.0431538;41;242.8178688;22.0371445;15719
319.0240794;325.9593173;41;242.7312926;22.0332155;15719
318.5882235;319.8400762;52397;241.8192977;21.99178472;15719
342.1797901;349.1189266;0;244.5671855;22.11638241;15719
330.1485796;337.0872049;2;246.2302165;22.19144955;15719
328.5412341;335.4796712;3;244.5871776;22.11728634;15719
327.9120186;334.8500433;4;244.627524;22.11911047;15719
326.2022657;333.1402228;4;243.6105033;22.0730833;15719
326.0477746;332.9855583;4;243.42641;22.06474156;15719
325.3717755;332.3094398;4;243.2272756;22.0557147;15719
325.1044081;332.0420164;4;243.2546143;22.0569542;15719
324.9667437;331.9041954;5;243.3111977;22.05951938;15719
324.575259;331.5124272;6;243.3000584;22.05901441;15719
323.614602;330.5513445;7;242.9608938;22.04363372;15719
322.0543578;328.9909776;7;243.2105892;22.05495814;15719
321.5071034;328.4434467;8;243.1619781;22.05275393;15719
320.5400167;326.4383468;52343;243.2537251;22.05691389;15719
336.7825867;343.7197827;8;243.0863533;22.0493244;15719
322.3490381;329.2860555;8;244.3984116;22.10874992;15719
321.8578986;328.7948013;8;244.5949476;22.11763765;15719
321.5541877;328.4909785;8;244.445874;22.11089659;15719
321.2769574;328.2135608;9;244.3003393;22.10431358;15719
320.6567456;327.5933196;9;244.1912254;22.09937671;15719
320.6137288;327.5501347;9;244.1506491;22.09754055;15719
317.077764;324.0140889;9;244.6926305;22.12205373;15719
316.9347081;325.0243844;70;244.6041722;22.11805472;15719
322.9348628;329.8710383;10;242.4381049;22.01990485;15719
316.666946;323.6030324;10;244.0852471;22.09458065;15719
316.529492;323.4655013;10;243.8070007;22.08198364;15719
316.3867237;324.4059592;69;243.3673834;22.06206624;15719
321.6926498;328.6283987;13;241.5564902;21.97983122;15719
315.6547475;322.5904409;14;241.1121325;21.9596053;15719
315.49125;322.4266648;14;240.4510484;21.92948008;15719
315.1260402;322.9562363;52;239.1087626;21.86818523;15719
319.447148;326.3825585;14;238.5466204;21.84246416;15719
315.0946991;322.0298344;14;239.2086751;21.8727536;15719
314.7165325;321.651576;14;238.8031261;21.85420445;15719
314.5412253;321.1101749;52322;238.821513;21.85504578;15719
330.1746049;337.1097979;15;239.9996266;21.90888526;15719
314.6758821;321.6112743;15;240.6582016;21.93892439;15719
314.605595;321.5406619;15;240.6952583;21.94061341;15719
314.4802178;321.4149115;17;240.4914718;21.93132334;15719
313.3771767;320.3117629;18;239.8663005;21.90279893;15719
313.2870867;320.2214687;18;239.8448649;21.90182024;15719
313.0706127;320.0049558;18;239.2454804;21.87443624;15719
312.9456839;319.8799914;18;238.7814894;21.85321438;15719
312.8690304;320.4394376;52288;238.5240359;21.84143017;15719
325.7932031;332.7277685;18;238.4085955;21.83614414;15719
313.2276761;320.1615539;20;238.9612883;21.86144041;15719
311.4497177;319.5948804;149;236.9374922;21.76866979;15719
316.8541307;323.7880591;20;235.6791346;21.71078693;15719
311.5648909;318.5408179;20;236.7030376;21.75789685;15719
311.5339046;318.4675238;20;236.3291768;21.74070729;15719
311.1493863;318.0829424;21;236.0007632;21.72559611;15719
310.9738257;317.9073669;21;235.3468313;21.69547562;15719
310.9453043;317.8788273;21;235.2878672;21.69275765;15719
310.9156078;317.9067831;52308;235.2271867;21.6899602;15719
325.8303793;332.7645599;22;237.362055;21.78816445;15719
311.92426;318.8581664;22;236.6461716;21.75528311;15719
311.5424478;318.476369;22;236.5536427;21.75102952;15719
311.5181073;318.4518191;23;236.4115757;21.74449704;15719
310.9558005;318.7282038;52269;236.4635324;21.74688632;15719
322.8481799;329.7821364;23;236.7387202;21.75953677;15719
311.2704335;319.2244564;94;236.2389097;21.73655491;15719
314.8797108;321.8135784;23;235.3732461;21.69669312;15719
311.1594442;318.2766576;27;236.0563536;21.72815471;15719
311.4449641;318.3787831;23;235.7396687;21.71357495;15719
311.10481;319.2824001;223;235.8865861;21.72034006;15719
316.7190316;323.6528184;23;235.2368367;21.6904051;15719
311.0462363;317.5410702;52314;235.7013785;21.71181146;15719
326.096235;333.0304179;24;237.3049684;21.78554422;15719
311.3807211;318.3145082;24;236.0113924;21.72608535;15719
311.2539836;318.1876281;25;235.5894984;21.70665789;15719
310.9679374;318.5952348;52272;234.4562536;21.65438771;15719
323.2821794;330.2154391;25;235.8294957;21.71771147;15719
310.5853923;317.5186913;25;234.3734823;21.650565;15719
310.5610366;318.552759;118;234.2887809;21.64665244;15719
314.3394191;321.2725041;25;233.8677699;21.62719445;15719
310.4853241;317.4183806;26;234.0558338;21.63588842;15719
310.3729761;318.4989256;186;233.6265693;21.61603892;15719
315.0464542;321.9794497;26;233.3860993;21.60491145;15719
310.2902199;317.2231948;26;233.317787;21.60174933;15719
310.2603486;317.193219;27;233.2109591;21.59680342;15719
310.0139486;315.1612794;52397;232.5282247;21.5651675;15719
327.8773358;327.8773358;52397;237.0589124;21.77424683;15719
353.8303417;353.8303417;52397;248.4411844;22.29085842;15719
353.8303417;360.7728145;1;248.4411844;22.29085842;15719
361.5414894;368.4836895;5;253.1734126;22.50215157;15719
360.722737;367.6645967;9;253.1439102;22.50084044;15719
359.7047532;366.6458186;14;252.4819004;22.47139962;15719
355.7649286;362.7055705;16;251.9625945;22.44827809;15719
352.9016443;359.8421313;16;251.3917324;22.42283356;15719
351.5566157;358.4968442;18;250.9177279;22.40168422;15719
350.583208;357.5232344;19;250.5111081;22.38352556;15719
350.0354017;652.1513855;52387;250.4461052;22.38062131;15719
351.7857773;351.7857773;52397;247.5192132;22.24945901;15719
353.8303417;353.8303417;52397;248.4411844;22.29085842;15719
353.8303417;701.7822448;0;248.4411844;22.29085842;15719
362.4880104;710.4234052;1;254.7218408;22.57085912;15719
361.044472;708.955156;5;254.6855132;22.56924957;15719
359.5491406;707.444343;8;254.1727281;22.54651761;15719
358.5208046;706.3915948;10;254.097131;22.54316442;15719
356.7881031;704.6478909;10;253.0441737;22.49640743;15719
356.1185022;703.9465668;12;252.7300343;22.48243912;15719
353.3336356;701.145444;13;250.7574468;22.39452821;15719
352.1465275;699.944616;16;250.0665997;22.36365801;15719
351.3406974;699.1268592;17;249.7162216;22.34798522;15719
350.3739485;698.1471182;18;249.7764716;22.35068105;15719
348.8694404;696.6264666;20;249.5737238;22.34160799;15719
347.60355;695.3440057;23;249.3748152;22.33270316;15719
346.5838974;694.3165803;23;249.3233794;22.33039988;15719
345.9996722;693.7171036;26;249.4393079;22.33559079;15719
345.0669899;692.758281;29;248.8693504;22.31005829;15719
343.4011377;691.0873892;29;247.7217994;22.25856237;15719
342.4591405;690.1139279;33;247.2501408;22.23736229;15719
341.0006777;688.6396914;34;247.1114551;22.23112481;15719
333.6243349;681.2552432;35;247.1010132;22.2306551;15719
332.8809287;680.4917691;37;246.8354852;22.21870767;15719
329.8017263;677.4010001;38;246.8061568;22.21738764;15719
329.1506922;676.7398427;39;246.8199711;22.21800941;15719
328.6444395;676.2252803;39;246.4433288;22.20105082;15719
327.9539493;675.523534;39;246.3446249;22.19660447;15719
327.0556987;674.6189989;39;246.6866032;22.2120059;15719
326.4065803;673.9626851;41;246.4280589;22.20036301;15719
325.9035542;673.4313684;42;246.2820953;22.19378721;15719
322.3189424;669.8327119;43;245.6297202;22.16437322;15719
321.2962177;668.8041837;45;245.3346438;22.15105613;15719
321.0674509;668.5692771;46;244.9893125;22.1354608;15719
320.5661693;668.0572822;46;244.5020648;22.11343776;15719
320.2684807;667.7487892;48;244.1077556;22.09559936;15719
319.5144134;666.9909603;49;243.6610024;22.075371;15719
319.3466574;709.2817304;92;243.2411606;22.05634424;15719
323.505658;670.9892659;49;242.8490627;22.03855996;15719
319.7782278;667.2525285;49;243.7042944;22.07733201;15719
319.3445129;650.3690416;52343;243.694386;22.0768832;15719
335.958964;335.958964;52397;243.523703;22.06915055;15719
353.8303417;701.7820869;0;248.4411844;22.29085842;15719
362.6644187;710.589245;4;254.8352119;22.57588146;15719
360.3849298;708.2978422;5;253.4364024;22.51383585;15719
358.8040474;706.6948463;7;252.8293308;22.48685531;15719
356.1522258;704.0020781;15;252.2431452;22.46077226;15719
354.026416;701.8545845;17;251.8008247;22.44107059;15719
352.0172445;699.8259635;17;250.8079249;22.39678213;15719
349.8825021;697.681294;18;250.7553124;22.3944329;15719
349.1911355;696.9826773;19;250.4540199;22.38097495;15719
348.3615821;696.143498;21;250.2440769;22.37159256;15719
347.8205532;695.5761424;24;249.4275578;22.33506471;15719
345.6299823;693.372689;24;248.2712463;22.28323344;15719
345.3274729;693.061242;25;248.0538768;22.27347646;15719
344.6798671;692.4032128;26;246.9391483;22.22337275;15719
343.8193987;691.5108096;28;246.8838905;22.22088614;15719
341.4131556;689.0637928;30;246.6869767;22.21202272;15719
329.4671609;677.1061669;31;245.2763573;22.14842465;15719
328.7641848;676.3996238;32;244.3855545;22.10816838;15719
328.6055535;676.2310257;33;244.2223741;22.10078614;15719
328.1722329;675.7929655;33;243.9076748;22.08654227;15719
327.9118741;675.5047879;35;243.7511862;22.07945589;15719
325.962345;673.5484672;35;240.8250844;21.94652977;15719
325.6678499;673.2526416;35;240.7249782;21.94196792;15719
325.5990586;673.1629989;37;240.6677823;21.93936108;15719
322.6099391;670.1693357;37;240.3624434;21.92543926;15719
322.3886606;669.9379674;38;240.1064444;21.91376026;15719
321.868749;321.9715055;52397;238.5324356;21.84181474;15719
352.3393342;700.2780833;0;247.9329124;22.26804493;15719
356.7045246;704.6320192;1;253.7954738;22.52977913;15719
356.0089788;703.9241421;3;253.8086323;22.53036317;15719
355.1486625;703.0459368;5;253.3756496;22.51113722;15719
353.9315204;701.8186009;8;253.4196812;22.51309313;15719
353.0559448;700.8966711;11;253.2846547;22.50709465;15719
348.7346553;696.5594451;13;251.6418017;22.43398323;15719
346.9321432;694.7424873;13;251.1044938;22.4100198;15719
345.8311008;693.6293004;14;250.9767327;22.40431801;15719
344.2042325;691.989831;16;250.7438127;22.39391939;15719
342.6919638;690.4710797;17;250.6045354;22.3876991;15719
342.1349128;689.9051929;17;250.437028;22.38021573;15719
341.5884412;689.3511422;18;250.3039167;22.37426721;15719
341.1841145;688.9380305;20;249.8024939;22.35184529;15719
340.7251903;688.45466;21;249.5058331;22.33856903;15719
334.4306321;682.1542903;22;248.932352;22.31288202;15719
333.5842859;681.2993804;22;248.796328;22.30678498;15719
332.8046568;680.5101541;22;248.6011477;22.29803344;15719
332.3785657;680.0704989;22;248.6433157;22.29992447;15719
331.1086974;678.7890495;24;248.0228524;22.27208353;15719
330.5179808;678.1830127;26;247.6291412;22.25439917;15719
329.3749347;724.2830673;52330;246.1285996;22.18686997;15719
340.4963752;340.4963752;52397;244.6734076;22.12118476;15719
353.8303417;701.7636955;1;248.4411844;22.29085842;15719
352.5178353;700.4448612;2;253.9225678;22.53541958;15719
352.1436035;700.0503044;4;253.7692965;22.5286172;15719
350.9380708;698.8321478;5;252.809653;22.48598021;15719
350.1752741;698.0597312;7;252.7246542;22.48219981;15719
349.599407;697.4720024;10;252.2211615;22.45979348;15719
348.6718091;696.5309541;12;251.5785153;22.43116205;15719
348.1622526;696.0068698;14;251.3901138;22.42276137;15719
346.9050728;17779.93892;14;250.0859713;22.3645242;15719
346.0226995;17778.64842;15;249.7664357;22.35023202;15719
345.5490336;17777.38089;16;249.7316126;22.3486739;15719
344.890049;17776.15438;16;249.3074585;22.3296869;15719
343.5272271;17774.45114;16;248.4236505;22.2900718;15719
342.7105885;17772.88752;17;247.9621864;22.2693595;15719
339.8348728;17768.69151;19;247.6589139;22.25573696;15719
336.9852647;17764.84014;23;248.3395966;22.28630057;15719
335.0553213;17762.27886;24;247.6132949;22.25368711;15719
334.6472168;17761.32759;26;247.362888;22.24243188;15719
333.652999;17759.64894;26;246.9696201;22.22474387;15719
332.7926714;17758.2461;26;246.7624349;22.21541964;15719
331.240809;17756.37561;28;246.4834681;22.20285874;15719
331.0014474;17755.80271;29;246.4154333;22.19979429;15719
330.5286849;17754.72909;29;246.4470637;22.20121905;15719
329.8149782;17753.72611;29;246.3308537;22.19598404;15719
329.4734265;17753.12448;29;246.0803851;22.18469676;15719
329.2278435;17752.3295;30;246.157151;22.18815679;15719
328.0537947;17750.82533;30;245.8160557;22.17277861;15719
327.8861502;17750.40234;30;245.6761333;22.16646716;15719
327.6093731;17749.9899;30;245.3838458;22.15327722;15719
327.5223265;17749.3553;30;245.3510253;22.15179565;15719
326.9496501;17748.29001;31;245.1918454;22.14460862;15719
326.4019659;17747.64183;31;244.918081;22.13224259;15719
326.3455403;17747.08337;32;244.9135371;22.13203728;15719
321.4184387;17741.71104;32;244.6702047;22.12103997;15719
320.9746998;17740.92929;33;244.5304578;22.11472169;15719
320.4661331;17739.90297;35;244.2962085;22.1041267;15719
319.7397831;17738.78412;35;244.0653443;22.09367984;15719
319.1164384;17737.21666;37;243.8992856;22.08616244;15719
317.5716304;17735.55968;38;243.7765912;22.08060648;15719
317.4936853;17735.34277;38;243.7059745;22.07740811;15719
317.4111524;17735.19949;38;243.6295883;22.07394792;15719
317.3815497;17734.09835;39;243.5838247;22.07187462;15719
315.9911502;17732.45969;39;240.3008463;21.92262969;15719
315.7954315;17732.13155;39;240.1867088;21.9174227;15719
315.697816;17731.7364;40;240.0604444;21.91166102;15719
315.4399263;17731.15821;41;240.106423;21.91375929;15719
315.2675337;17730.87129;41;240.1879451;21.9174791;15719
315.1730462;17730.62796;41;240.1437656;21.91546329;15719
315.0161015;17729.99131;42;239.9861781;21.90827141;15719
314.6763024;17729.55487;42;239.2055468;21.87261058;15719
314.6423756;17728.83459;43;239.1513531;21.87013274;15719
313.8933741;17728.00412;43;237.0466956;21.77368575;15719
313.8571846;20745.6882;52225;236.9042315;21.76714182;15719
326.0871218;17743.07618;44;238.8199831;21.85497578;15719
315.5074846;17732.38905;44;238.263954;21.82951919;15719
315.3983156;17731.49827;46;238.3109096;21.8316701;15719
314.5783503;17730.56902;46;238.3429505;21.83313768;15719
314.5013846;17730.22903;46;238.1444284;21.82404309;15719
314.4001694;17729.85089;46;238.0743473;21.82083167;15719
314.2811793;17729.53916;48;238.0573159;21.82005114;15719
314.1969285;17729.2081;49;237.903186;21.81298631;15719
314.1021509;17728.96697;50;237.6243935;21.80020154;15719
314.0508704;17728.81169;50;237.6323739;21.8005676;15719
314.0175318;17728.70562;50;237.599651;21.79906654;15719
313.9779587;17728.58018;50;237.4152564;21.79060607;15719
313.9312288;17728.39009;50;237.338823;21.78709816;15719
313.8404507;17728.06173;50;237.0524273;21.77394899;15719
313.7952648;17727.8842;50;237.0409319;21.77342104;15719
313.7487499;17727.17722;51;236.9332872;21.76847662;15719
313.1373155;17726.3098;52;236.6537129;21.75562975;15719
312.858853;17725.61991;55;236.0696764;21.72876786;15719
312.5784357;17725.28705;55;235.7934703;21.7160526;15719
312.5575982;17724.98952;57;235.7323361;21.71323726;15719
312.285826;17724.60395;58;234.9400759;21.67671912;15719
312.2459503;17724.47301;58;234.8442267;21.67229691;15719
312.188735;17724.07744;59;234.7882544;21.66971409;15719
312.0700147;17723.83494;59;234.5468874;21.65857278;15719
311.9848412;17723.66308;60;234.2943685;21.64691056;15719
311.9459846;17723.187;61;234.1207112;21.63888681;15719
311.5122975;17722.61456;61;233.0946403;21.59141683;15719
311.396618;17722.3516;61;232.8834734;21.58163448;15719
311.343993;17722.26526;61;232.7288447;21.57446846;15719
311.3129614;17722.15378;61;232.6390257;21.57030485;15719
311.2821965;17722.08393;61;232.6481061;21.57072582;15719
311.2670065;17721.99933;61;232.6109323;21.5690024;15719
311.2406396;17721.92246;61;232.5645726;21.56685293;15719
311.2265726;17721.82592;61;232.5219251;21.56487538;15719
311.1970112;17721.70825;61;232.4563593;21.56183477;15719
311.1163251;17721.45768;61;232.2058645;21.55021413;15719
311.066029;17721.21454;61;232.0640867;21.54363417;15719
310.9661068;17720.90696;61;231.7047946;21.5269503;15719
310.8531679;17720.7001;62;231.3043719;21.50834126;15719
310.7964632;17720.47317;62;231.2424065;21.50546007;15719
310.7438953;17720.30221;63;231.0559482;21.49678805;15719
310.7223791;17719.74157;63;230.9628675;21.49245763;15719
310.451499;17719.29012;63;229.8830842;21.44215867;15719
310.3822746;17718.95529;65;229.6926178;21.43327403;15719
310.2951991;17718.8415;65;229.377337;21.4185591;15719
310.2821719;17718.77667;65;229.3424603;21.4169307;15719
310.253355;17718.20524;65;229.336083;21.41663293;15719
309.9844433;17717.81757;65;229.2369358;21.41200298;15719
309.9226649;17717.70242;65;229.0772163;21.40454234;15719
309.887153;17717.57012;66;228.9668365;21.39938487;15719
309.8522909;17717.40885;66;228.9085709;21.39666193;15719
309.814398;17717.36241;66;228.9209228;21.3972392;15719
309.7986708;17717.10641;66;228.8840254;21.39551474;15719
309.7275887;17716.96441;66;228.6206127;21.38319961;15719
309.6887628;17716.88794;66;228.505188;21.37780101;15719
309.6707972;872701.025;66;228.4114715;21.37341674;15719
309.3172372;872689.7696;69;228.1451722;21.36095373;15719
309.2443164;872683.521;69;227.9253069;21.35065839;15719
309.2132241;872676.6135;70;227.8170745;21.34558851;15719
309.1906997;872658.4606;72;227.786654;21.34416333;15719
309.0735531;872646.6255;72;227.4287231;21.32738724;15719
309.0318584;872641.4793;73;227.3777914;21.32499901;15719
309.0029187;872634.9535;72;227.3425069;21.32334434;15719
308.9533157;872630.6188;72;227.150333;21.31433006;15719
308.9218378;872624.4774;72;227.1142648;21.31263779;15719
308.8940252;872614.3079;72;227.084549;21.31124346;15719
308.8555973;872606.9005;72;226.960027;21.30539964;15719
308.8165041;872600.903;73;226.8725971;21.3012956;15719
308.7201644;872595.713;73;226.4057736;21.27936905;15719
308.653328;872587.6979;73;226.1180392;21.265843;15719
308.6209677;872572.0242;73;226.0181917;21.26114728;15719
308.5706033;872537.2928;73;225.8453062;21.2530142;15719
308.3685733;872529.9858;73;225.45201;21.2345007;15719
308.3397041;872517.78;74;225.4027652;21.23218148;15719
308.2917597;872506.6028;76;225.2632808;21.22561098;15719
308.2376713;872494.3225;76;225.1182361;21.21877641;15719
308.1726996;872485.0507;77;224.9735601;21.21195701;15719
308.0971717;872469.2463;78;224.786419;21.20313274;15719
307.9801554;872462.5913;78;224.4273985;21.18619355;15719
307.9576792;872455.1014;78;224.3580881;21.18292181;15719
307.9194523;872447.6176;78;224.2819095;21.17932527;15719
307.8214951;872436.4128;78;224.0036362;21.16618228;15719
307.7056346;872417.8605;78;223.6737132;21.15058927;15719
307.6203928;872408.9834;78;223.3431431;21.13495413;15719
307.5898779;872400.4971;78;223.2193549;21.12909628;15719
307.5202408;872384.5456;78;223.0038389;21.11889386;15719
307.4375119;872376.2017;78;222.7509764;21.10691718;15719
307.3788879;872367.2352;78;222.5829834;21.09895654;15719
307.340498;872361.4622;78;222.4781545;21.09398751;15719
307.3250565;872343.3562;78;222.4298213;21.09169606;15719
307.2458047;872336.9615;80;222.0198569;21.07224985;15719
307.2258617;872329.4469;81;221.9680472;21.06979104;15719
307.1987479;872322.0487;81;221.8830497;21.06575656;15719
307.1747345;872314.8555;81;221.7709792;21.06043586;15719
307.1426701;872301.36;81;221.6608478;21.0552059;15719
307.0848789;872287.6277;81;221.4558519;21.04546754;15719
307.0533666;872269.3777;81;221.3533809;21.04059794;15719
306.9474911;872260.7182;81;220.8727003;21.01774014;15719
306.917448;872252.8033;81;220.7916165;21.01388191;15719
306.8779385;872235.4376;81;220.7112387;21.01005658;15719
306.8042105;872230.498;81;220.556449;21.00268788;15719
306.7797003;872223.4504;81;220.4975139;20.99988162;15719
306.7526913;872215.2368;83;220.4675311;20.9984538;15719
306.7239459;872208.2177;83;220.3721605;20.99391152;15719
306.6953174;872200.5171;83;220.2610524;20.98861846;15719
306.6596679;872191.0684;83;220.1820989;20.98485639;15719
306.629645;872185.0427;84;220.1063343;20.98124564;15719
306.6067472;872174.0404;84;220.0441873;20.9782834;15719
306.5639679;872170.5538;84;220.0035887;20.97634805;15719
306.5404126;872163.2374;84;219.9270804;20.97270037;15719
306.5217349;872156.5609;84;219.8799164;20.97045142;15719
306.4965231;872138.4511;84;219.8012783;20.96670114;15719
306.4510571;872127.0551;84;219.5972408;20.95696737;15719
306.4076202;872112.4305;84;219.484276;20.95157636;15719
306.3287132;872100.9524;84;219.2740749;20.94154125;15719
306.2912913;872085.378;85;219.1458934;20.93541943;15719
306.2321946;872080.0124;85;219.0895265;20.93272684;15719
306.1920457;872069.5865;86;218.9978704;20.92834778;15719
306.1514025;872066.0543;86;218.895155;20.92343925;15719
306.1168228;872056.4274;88;218.7640607;20.91717288;15719
306.0888927;872048.0716;89;218.7534836;20.91666721;15719
306.0299732;872041.2625;89;218.5552952;20.90718992;15719
306.0149599;872019.1135;89;218.5217687;20.90558627;15719
305.9519024;872012.7192;89;218.4627789;20.90276436;15719
305.9309254;872007.9479;89;218.416555;20.90055286;15719
305.9081561;871999.6772;89;218.3951203;20.89952728;15719
305.887349;871991.7659;90;218.3293642;20.89638075;15719
305.8725002;871980.4806;90;218.2893643;20.89446646;15719
305.8360683;871967.6311;91;218.1855286;20.88949634;15719
305.7595049;871959.9083;92;217.8969603;20.87567773;15719
305.7441787;871953.7241;92;217.8596555;20.87389065;15719
305.7267652;871942.6966;92;217.8174763;20.87186989;15719
305.7086985;871934.4086;93;217.7776068;20.8699596;15719
305.6738845;871924.271;93;217.7010451;20.86629076;15719
305.6590612;871917.1676;93;217.6692743;20.86476812;15719
305.6398717;871903.0678;93;217.646463;20.8636748;15719
305.6059718;871865.8788;94;217.5378054;20.85846617;15719
304.0569888;871858.0214;95;217.6977169;20.86613126;15719
303.9735312;871848.5416;97;217.5093968;20.85710415;15719
303.9412189;871837.9145;97;217.3553416;20.84971662;15719
303.8889587;871818.7937;98;217.2240382;20.84341806;15719
303.8451305;871812.0537;98;216.9731652;20.83137851;15719
303.8132016;871809.7824;98;216.9149423;20.82858336;15719
303.7733799;871804.3841;98;216.8091229;20.82350225;15719
303.7523525;871799.6457;98;216.7569416;20.82099621;15719
303.7102668;871791.0632;98;216.6561232;20.81615349;15719
303.6500422;871779.6193;100;216.4634525;20.80689561;15719
303.6111409;871772.866;101;216.3913131;20.80342823;15719
303.5959032;871761.1091;101;216.3541773;20.80164308;15719
303.5740768;871749.0089;102;216.3118291;20.79960716;15719
303.3928449;871740.8168;102;215.7261996;20.77143228;15719
303.3791437;871735.3782;102;215.671725;20.76880955;15719
303.3569889;871725.8813;103;215.6041572;20.76555596;15719
303.3174758;871720.2956;103;215.514411;20.76123363;15719
303.3035022;871708.1835;103;215.4837889;20.75975862;15719
303.2713394;43658929.98;109;215.3875357;20.75512157;15719
302.9514824;43642864.91;122;214.2348627;20.69951027;15719
302.6892879;43625093.49;136;213.1054443;20.6448756;15719
302.502454;43606153.51;149;212.0174763;20.59210899;15719
302.3002185;43587231.75;159;210.8398376;20.53484052;15719
302.1644149;43566029.76;173;209.872636;20.48768586;15719
302.0430512;43542796.77;199;208.8927985;20.43980423;15719
301.8855292;43514939.17;212;207.8409639;20.38827918;15719
301.3871722;43487511.28;228;207.2906694;20.36127056;15719
301.4685944;43459640.02;249;206.4738802;20.32111612;15719
301.5381196;43430889.49;263;205.7941894;20.28764103;15719
301.6228225;43400593.46;283;205.2445148;20.26052886;15719
301.6864597;43369190.06;313;204.7595424;20.23657789;15719
300.295414;43333839.32;334;203.2947888;20.1640665;15719
300.1749693;43295801.5;346;202.8066464;20.13984342;15719
299.5436624;43255457.72;365;202.2404896;20.11171249;15719
299.4617721;43213498.45;386;201.8380733;20.09169347;15719
299.4111395;43167468.56;410;201.5022342;20.07497119;15719
298.7153141;43120206.34;433;201.4676829;20.07325001;15719
298.4467088;43070391.84;458;201.1980494;20.05981303;15719
298.2840598;43017451.68;493;201.0650322;20.05318091;15719
298.1284731;42961655.18;524;201.0115337;20.05051289;15719
297.9785277;42903596.08;566;200.9768257;20.04878179;15719
297.8812115;42844420.1;609;201.0058511;20.05022948;15719
297.8049612;42780737.43;633;201.0560947;20.05273521;15719
297.6912592;42714695.79;672;201.1435154;20.05709427;15719
297.608989;42646310.37;719;201.3131566;20.06555041;15719
297.381459;42572862.67;766;201.7168419;20.08565866;15719
297.4134635;42495280.4;811;202.025444;20.10101709;15719
297.4602607;42416067.97;855;202.400892;20.11968648;15719
297.4268024;42332911.86;919;202.8757941;20.1432765;15719
297.4572773;42242915.84;971;203.3032515;20.16448618;15719
297.5282939;42146911.3;1034;203.750958;20.1866767;15719
297.5593375;42044564.07;1099;204.2648281;20.21211657;15719
297.6342346;41935265.89;1179;204.7839825;20.23778558;15719
297.710292;41817352.21;1254;205.3458558;20.26553014;15719
297.8362783;41691939.56;1327;205.9395583;20.29480516;15719
297.9691906;41560262.08;1407;206.5299231;20.3238738;15719
298.1055465;41421482.46;1495;207.1621717;20.35495869;15719
298.2983935;41279429.53;1576;207.7701237;20.38480433;15719
298.4800895;41128600.96;1684;208.376992;20.41455324;15719
298.657344;40967868.93;1787;209.0195893;20.44600642;15719
298.7422878;40797166.09;1893;209.7255576;20.48050573;15719
298.8888856;40618996.43;1993;210.4304458;20.51489439;15719
299.0526838;40432919.47;2094;211.1047429;20.54773676;15719
299.2675154;40236795.15;2209;211.8040142;20.58174017;15719
299.448279;40030868.73;2327;212.5085697;20.61594381;15719
299.6485779;39816161.46;2432;213.2153652;20.65019928;15719
299.854549;39591617.42;2553;213.8998704;20.68332035;15719
300.0429611;39358491.69;2679;214.586488;20.71649044;15719
300.2445824;39114742.5;2805;215.2455723;20.74828052;15719
300.4653719;38862055.1;2915;215.9707825;20.78320391;15719
300.7228159;38599240.03;3040;216.6745053;20.81703655;15719
300.9805732;38324673.7;3183;217.2897762;20.84657172;15719
301.2128208;38037999.49;3330;217.9100275;20.87630367;15719
301.4517606;37742008.4;3499;218.5213608;20.90556676;15719
301.6943972;37432268.25;3639;219.1508862;20.93565792;15719
301.9553454;37114447.64;3795;219.7532114;20.96440848;15719
302.212954;36788562.36;3938;220.3639887;20.99352227;15719
302.4329903;36455445.55;4109;220.9213155;21.02005307;15719
302.6645132;36110797.27;4254;221.4808477;21.04665521;15719
302.8816619;35753618.14;4416;222.0635722;21.07432429;15719
303.11849;35387973.78;4583;222.5881105;21.09919953;15719
303.3418723;35011881.62;4748;223.0778197;21.12239663;15719
303.5478435;34620849.64;4903;223.5423843;21.14437913;15719
303.71337;34218960.82;5079;223.9851585;21.16530928;15719
303.8520373;33808178.71;5260;224.3946566;21.18464806;15719
304.0376739;33382007.34;5443;224.8363307;21.20548659;15719
304.1889407;32939616.3;5633;225.2310569;21.22409277;15719
304.3322951;32482577.44;5821;225.6081265;21.24185145;15719
304.4605412;32016583.05;5979;225.9551876;21.25818372;15719
304.5541488;31544136.35;6151;226.2347496;21.27133045;15719
304.6638057;31067629.5;6347;226.5457667;21.28594685;15719
304.7193663;30579214.71;6534;226.7348207;21.29482663;15719
304.8249756;30079556.32;6739;227.0249657;21.30844742;15719
304.8618368;29574366.13;6939;227.4270774;21.32731007;15719
304.9238065;29059925.58;7141;227.6593829;21.33819969;15719
304.9851203;28534800.23;7322;227.87702;21.34839666;15719
305.0202598;28005042.32;7537;228.111178;21.35936226;15719
305.0633894;27468268.28;7768;228.2876238;21.36762148;15719
305.0974522;26920362.6;7964;228.4567114;21.37553327;15719
305.1226611;26367875.9;8173;228.5995964;21.38221674;15719
305.1624891;25814319.54;8375;228.7517191;21.38933001;15719
305.1817312;25260116.69;8588;228.8891216;21.39575293;15719
305.1916474;24706755.59;8804;228.9692663;21.39949842;15719
305.2156824;24152626.51;9060;229.0652015;21.40398101;15719
305.2261418;23592530.54;9290;229.1458181;21.40774711;15719
305.2200633;23025362.17;9492;229.214494;21.41095486;15719
305.219252;22454083.97;9728;229.2665662;21.41338675;15719
305.2377865;21880017.17;9969;229.352599;21.41740409;15719
305.2296005;21304387.57;10179;229.4231613;21.42069846;15719
305.2042677;20728292.07;10408;229.3556914;21.41754848;15719
305.1936338;20150562.44;10668;229.3989972;21.41957036;15719
305.2182642;19565630.08;10895;229.4961929;21.42410759;15719
305.2379716;18973651.14;11127;229.5431213;21.42629792;15719
305.2416998;18384114.89;11339;229.5793272;21.42798764;15719
305.2374298;17796158.4;11559;229.5707021;21.42758512;15719
305.2289318;17205404.51;11765;229.5600108;21.42708617;15719
305.2088233;16608735.58;11993;229.5301699;21.42569345;15719
305.203133;16008230.22;12231;229.5211179;21.42527096;15719
305.1841111;200223685.7;15388;229.4863924;21.42365013;15719
305.4926296;39453243.19;15707;229.453259;21.42210349;15719
305.5403206;7200452.474;15714;229.3977389;21.41951162;15719
305.5213373;1286639.609;15720;229.4193398;21.42052006;15719
305.5133363;334280.935;15721;229.3982587;21.41953588;15719
305.5095547;170936.9674;15720;229.3897859;21.41914031;15719
305.5090002;100039.3033;15719;229.3879901;21.41905647;15719
305.5089128;305.5089128;15720;229.3879003;21.41905228;15719
305.508795;305.508795;15720;229.387824;21.41904872;15719
305.508795;305.508795;15720;229.387824;21.41904872;15719
305.508795;305.508795;15720;229.387824;21.41904872;15719
305.508795;305.508795;15720;229.387824;21.41904872;15719
305.508795;305.508795;15720;229.387824;21.41904872;15719
305.508795;305.508795;15720;229.387824;21.41904872;15719
305.508795;305.508795;15720;229.387824;21.41904872;15719
305.508795;305.508795;15720;229.387824;21.41904872;15719
305.508795;305.508795;15720;229.387824;21.41904872;15719
305.508795;305.508795;15720;229.387824;21.41904872;15719
305.508795;305.508795;15720;229.387824;21.41904872;15719
305.508795;305.508795;15720;229.387824;21.41904872;15719
305.508795;305.508795;15720;229.387824;21.41904872;15719
305.508795;305.508795;15720;229.387824;21.41904872;15719
305.508795;305.508795;15720;229.387824;21.41904872;15719
305.508795;305.508795;15720;229.387824;21.41904872;15719
305.508795;305.508795;15720;229.387824;21.41904872;15719
305.508795;305.508795;15720;229.387824;21.41904872;15719
305.508795;305.508795;15720;229.387824;21.41904872;15719
305.508795;305.508795;15720;229.387824;21.41904872;15719
305.508795;305.508795;15720;229.387824;21.41904872;15719
305.508795;305.508795;15720;229.387824;21.41904872;15719
305.508795;305.508795;15720;229.387824;21.41904872;15719
305.508795;305.508795;15720;229.387824;21.41904872;15719
305.508795;305.508795;15720;229.387824;21.41904872;15719
305.508795;305.508795;15720;229.387824;21.41904872;15719
305.508795;305.508795;15720;229.387824;21.41904872;15719
305.508795;305.508795;15720;229.387824;21.41904872;15719
305.508795;305.508795;15720;229.387824;21.41904872;15719
305.508795;305.508795;15720;229.387824;21.41904872;15719
305.508795;305.508795;15720;229.387824;21.41904872;15719
305.508795;305.508795;15720;229.387824;21.41904872;15719
305.508795;305.508795;15720;229.387824;21.41904872;15719
305.508795;305.508795;15720;229.387824;21.41904872;15719
305.508795;305.508795;15720;229.387824;21.41904872;15719
305.508795;305.508795;15720;229.387824;21.41904872;15719
305.508795;305.508795;15720;229.387824;21.41904872;15719
305.508795;305.508795;15720;229.387824;21.41904872;15719
305.508795;305.508795;15720;229.387824;21.41904872;15719
305.508795;305.508795;15720;229.387824;21.41904872;15719
305.508795;305.508795;15720;229.387824;21.41904872;15719
305.508795;305.508795;15720;229.387824;21.41904872;15719
305.508795;305.508795;15720;229.387824;21.41904872;15719
305.508795;305.508795;15720;229.387824;21.41904872;15719
305.508795;305.508795;15720;229.387824;21.41904872;15719
305.508795;305.508795;15720;229.387824;21.41904872;15719
305.508795;305.508795;15720;229.387824;21.41904872;15719
305.508795;305.508795;15720;229.387824;21.41904872;15719
305.508795;305.508795;15720;229.387824;21.41904872;15719
305.508795;305.508795;15720;229.387824;21.41904872;15719
305.508795;305.508795;15720;229.387824;21.41904872;15719
305.508795;305.508795;15720;229.387824;21.41904872;15719
305.508795;305.508795;15720;229.387824;21.41904872;15719
305.508795;305.508795;15720;229.387824;21.41904872;15719
305.508795;305.508795;15720;229.387824;21.41904872;15719
305.508795;305.508795;15720;229.387824;21.41904872;15719
305.508795;305.508795;15720;229.387824;21.41904872;15719
305.508795;305.508795;15720;229.387824;21.41904872;15719
305.508795;305.508795;15720;229.387824;21.41904872;15719
305.508795;305.508795;15720;229.387824;21.41904872;15719
305.508795;305.508795;15720;229.387824;21.41904872;15719
305.508795;305.508795;15720;229.387824;21.41904872;15719
305.508795;305.508795;15720;229.387824;21.41904872;15719
305.508795;305.508795;15720;229.387824;21.41904872;15719
305.508795;305.508795;15720;229.387824;21.41904872;15719
305.508795;305.508795;15720;229.387824;21.41904872;15719
305.508795;305.508795;15720;229.387824;21.41904872;15719
305.508795;305.508795;15720;229.387824;21.41904872;15719
305.508795;305.508795;15720;229.387824;21.41904872;15719
305.508795;305.508795;15720;229.387824;21.41904872;15719
305.508795;305.508795;15720;229.387824;21.41904872;15719
305.508795;305.508795;15720;229.387824;21.41904872;15719
305.508795;305.508795;15720;229.387824;21.41904872;15719
305.508795;305.508795;15720;229.387824;21.41904872;15719
305.508795;305.508795;15720;229.387824;21.41904872;15719
305.508795;305.508795;15720;229.387824;21.41904872;15719
305.508795;305.508795;15720;229.387824;21.41904872;15719
305.508795;305.508795;15720;229.387824;21.41904872;15719
305.508795;305.508795;15720;229.387824;21.41904872;15719
305.508795;305.508795;15720;229.387824;21.41904872;15719
305.508795;305.508795;15720;229.387824;21.41904872;15719
305.508795;305.508795;15720;229.387824;21.41904872;15719
305.508795;305.508795;15720;229.387824;21.41904872;15719
305.508795;305.508795;15720;229.387824;21.41904872;15719
305.508795;305.508795;15720;229.387824;21.41904872;15719
305.508795;305.508795;15720;229.387824;21.41904872;15719
305.508795;305.508795;15720;229.387824;21.41904872;15719
305.508795;305.508795;15720;229.387824;21.41904872;15719
305.508795;305.508795;15720;229.387824;21.41904872;15719
305.508795;305.508795;15720;229.387824;21.41904872;15719
305.508795;305.508795;15720;229.387824;21.41904872;15719
305.508795;305.508795;15720;229.387824;21.41904872;15719
